name,domain,exchanges,listings,exchange_list
Mediavine,mediavine.com,31,59,adyoulike.com amxrtb.com appnexus.com aps.amazon.com blis.com connatix.com conversantmedia.com gumgum.com improvedigital.com indexexchange.com inmobi.com kargo.com lijit.com media.net nativo.com onetag.com openx.com pubmatic.com risecodes.com rubiconproject.com seedtag.com sharethrough.com smaato.com smartadserver.com themediagrid.com triplelift.com undertone.com video.unrulymedia.com xandr.com yahoo.com yieldmo.com
Cafe Media,cafemedia.com,30,126,adyoulike.com amxrtb.com appnexus.com aps.amazon.com connatix.com conversantmedia.com gumgum.com improvedigital.com indexexchange.com inmobi.com kargo.com lijit.com media.net nativo.com onetag.com openx.com pubmatic.com rubiconproject.com seedtag.com sharethrough.com smaato.com smartadserver.com teads.tv themediagrid.com triplelift.com undertone.com video.unrulymedia.com xandr.com yahoo.com yieldmo.com
Titan Gate AD,pubgalaxy.com,28,47,adform.com adyoulike.com amxrtb.com appnexus.com aps.amazon.com connatix.com conversantmedia.com gumgum.com improvedigital.com indexexchange.com inmobi.com lijit.com nativo.com ogury.com onetag.com openx.com pubmatic.com risecodes.com rubiconproject.com seedtag.com sharethrough.com smaato.com smartadserver.com themediagrid.com triplelift.com video.unrulymedia.com xandr.com yieldmo.com
Rise,risecodes.com,27,44,adform.com adyoulike.com amxrtb.com appnexus.com contextweb.com conversantmedia.com freewheel.tv gumgum.com inmobi.com lijit.com loopme.com media.net nativo.com ogury.com onetag.com openx.com pubmatic.com rubiconproject.com seedtag.com sharethrough.com smaato.com smartadserver.com themediagrid.com triplelift.com video.unrulymedia.com xandr.com yieldmo.com
Venatus Media Limited,venatus.com,27,43,adform.com adyoulike.com amxrtb.com appnexus.com aps.amazon.com blis.com conversantmedia.com improvedigital.com indexexchange.com inmobi.com kargo.com lijit.com media.net ogury.com onetag.com openx.com pubmatic.com risecodes.com rubiconproject.com seedtag.com sharethrough.com smaato.com smartadserver.com themediagrid.com triplelift.com video.unrulymedia.com xandr.com
Freestar.IO,freestar.com,26,340,appnexus.com aps.amazon.com connatix.com conversantmedia.com indexexchange.com inmobi.com kargo.com lijit.com media.net nativo.com ogury.com onetag.com openx.com pubmatic.com risecodes.com rubiconproject.com seedtag.com sharethrough.com smartadserver.com themediagrid.com triplelift.com undertone.com video.unrulymedia.com xandr.com yahoo.com yieldmo.com
Media Trade Craft,mediatradecraft.com,26,54,amxrtb.com appnexus.com aps.amazon.com conversantmedia.com gumgum.com indexexchange.com kargo.com loopme.com media.net nativo.com ogury.com onetag.com openx.com pubmatic.com risecodes.com rubiconproject.com seedtag.com sharethrough.com smartadserver.com teads.tv themediagrid.com triplelift.com undertone.com video.unrulymedia.com xandr.com yieldmo.com
Playwire LLC,playwire.com,26,55,appnexus.com aps.amazon.com blis.com connatix.com conversantmedia.com gumgum.com indexexchange.com inmobi.com kargo.com lijit.com media.net nativo.com ogury.com onetag.com openx.com pubmatic.com risecodes.com rubiconproject.com sharethrough.com smartadserver.com themediagrid.com triplelift.com undertone.com video.unrulymedia.com xandr.com yieldmo.com
SN&CK Media Limited,snack-media.com,26,50,adform.com adyoulike.com amxrtb.com appnexus.com aps.amazon.com connatix.com freewheel.tv gumgum.com improvedigital.com inmobi.com kargo.com lijit.com loopme.com ogury.com onetag.com openx.com pubmatic.com rubiconproject.com seedtag.com sharethrough.com smartadserver.com teads.tv themediagrid.com triplelift.com video.unrulymedia.com xandr.com
Ezoic,ezoic.ai,25,43,amxrtb.com appnexus.com aps.amazon.com blis.com connatix.com conversantmedia.com indexexchange.com inmobi.com lijit.com media.net nativo.com ogury.com onetag.com openx.com pubmatic.com risecodes.com rubiconproject.com sharethrough.com smartadserver.com teads.tv themediagrid.com triplelift.com video.unrulymedia.com xandr.com yieldmo.com
Publift,publift.com,25,158,amxrtb.com appnexus.com aps.amazon.com conversantmedia.com gumgum.com indexexchange.com inmobi.com kargo.com lijit.com media.net ogury.com onetag.com openx.com pubmatic.com risecodes.com rubiconproject.com seedtag.com sharethrough.com smartadserver.com teads.tv themediagrid.com triplelift.com video.unrulymedia.com xandr.com yieldmo.com
Snigel,snigelweb.com,25,69,adform.com adyoulike.com appnexus.com aps.amazon.com connatix.com conversantmedia.com improvedigital.com indexexchange.com inmobi.com lijit.com media.net onetag.com openx.com pubmatic.com risecodes.com rubiconproject.com seedtag.com sharethrough.com smartadserver.com teads.tv themediagrid.com triplelift.com video.unrulymedia.com xandr.com yieldmo.com
Sparteo,sparteo.com,25,36,adform.com adyoulike.com amxrtb.com appnexus.com aps.amazon.com conversantmedia.com freewheel.tv gumgum.com improvedigital.com indexexchange.com lijit.com media.net ogury.com onetag.com openx.com pubmatic.com risecodes.com rubiconproject.com sharethrough.com smartadserver.com teads.tv themediagrid.com triplelift.com video.unrulymedia.com xandr.com
Connatix Native Exchange Inc,connatix.com,24,36,adform.com blis.com connatix.com contextweb.com conversantmedia.com freewheel.tv gumgum.com indexexchange.com inmobi.com lijit.com loopme.com media.net nativo.com openx.com pubmatic.com risecodes.com rubiconproject.com sharethrough.com smaato.com smartadserver.com themediagrid.com triplelift.com video.unrulymedia.com yieldmo.com
Refinery89 B.V.,refinery89.com,24,49,adform.com adyoulike.com amxrtb.com appnexus.com aps.amazon.com blis.com conversantmedia.com gumgum.com improvedigital.com kargo.com lijit.com media.net ogury.com onetag.com openx.com pubmatic.com risecodes.com rubiconproject.com seedtag.com sharethrough.com smartadserver.com themediagrid.com triplelift.com xandr.com
SheMedia,pmc.com,24,40,amxrtb.com appnexus.com aps.amazon.com connatix.com contextweb.com gumgum.com indexexchange.com kargo.com lijit.com media.net nativo.com onetag.com openx.com pubmatic.com rubiconproject.com seedtag.com sharethrough.com smartadserver.com teads.tv themediagrid.com triplelift.com undertone.com video.unrulymedia.com xandr.com
FUTURE_PLC,futureplc.com,23,40,adyoulike.com amxrtb.com appnexus.com aps.amazon.com blis.com conversantmedia.com gumgum.com indexexchange.com kargo.com lijit.com media.net onetag.com openx.com pubmatic.com risecodes.com sharethrough.com smartadserver.com themediagrid.com triplelift.com undertone.com video.unrulymedia.com xandr.com yieldmo.com
"Infolinks, Inc.",infolinks.com,23,34,appnexus.com aps.amazon.com conversantmedia.com freewheel.tv improvedigital.com indexexchange.com inmobi.com lijit.com loopme.com media.net nativo.com onetag.com openx.com pubmatic.com risecodes.com rubiconproject.com sharethrough.com smaato.com smartadserver.com themediagrid.com triplelift.com video.unrulymedia.com xandr.com
Publisher Collective (Snigel),network-n.com,23,37,adyoulike.com amxrtb.com appnexus.com aps.amazon.com conversantmedia.com gumgum.com indexexchange.com inmobi.com kargo.com lijit.com media.net onetag.com openx.com pubmatic.com risecodes.com rubiconproject.com seedtag.com sharethrough.com smartadserver.com themediagrid.com triplelift.com video.unrulymedia.com xandr.com
AdApex,adapex.io,22,47,adyoulike.com amxrtb.com aps.amazon.com connatix.com conversantmedia.com gumgum.com improvedigital.com indexexchange.com inmobi.com lijit.com loopme.com media.net nativo.com onetag.com pubmatic.com risecodes.com rubiconproject.com seedtag.com sharethrough.com teads.tv triplelift.com video.unrulymedia.com
Aditude,aditude.io,22,35,amxrtb.com appnexus.com aps.amazon.com indexexchange.com inmobi.com kargo.com loopme.com media.net ogury.com onetag.com openx.com pubmatic.com risecodes.com rubiconproject.com sharethrough.com smaato.com smartadserver.com themediagrid.com triplelift.com undertone.com video.unrulymedia.com xandr.com
Admetricspro [TAM],admetricspro.com,22,88,adyoulike.com amxrtb.com appnexus.com aps.amazon.com connatix.com conversantmedia.com gumgum.com indexexchange.com lijit.com media.net nativo.com openx.com pubmatic.com risecodes.com rubiconproject.com seedtag.com sharethrough.com smartadserver.com themediagrid.com triplelift.com video.unrulymedia.com xandr.com
Google AdExchange,google.com,22,19641,appnexus.com connatix.com improvedigital.com indexexchange.com inmobi.com lijit.com loopme.com media.net onetag.com openx.com pubmatic.com risecodes.com rubiconproject.com sharethrough.com smaato.com smartadserver.com themediagrid.com triplelift.com video.unrulymedia.com xandr.com yahoo.com yieldmo.com
M.D. PRIMIS TECHNOLOGIES LTD,primis.tech,22,39,adform.com amxrtb.com appnexus.com blis.com conversantmedia.com freewheel.tv indexexchange.com inmobi.com lijit.com loopme.com media.net nativo.com openx.com pubmatic.com rubiconproject.com sharethrough.com smartadserver.com triplelift.com video.unrulymedia.com xandr.com yahoo.com yieldmo.com
Minute Media,minutemedia.com,22,38,adyoulike.com amxrtb.com appnexus.com aps.amazon.com conversantmedia.com freewheel.tv inmobi.com lijit.com loopme.com media.net onetag.com openx.com pubmatic.com rubiconproject.com seedtag.com sharethrough.com smartadserver.com themediagrid.com triplelift.com video.unrulymedia.com xandr.com yieldmo.com
Playdigo Inc,playdigo.com,22,28,adform.com adyoulike.com appnexus.com conversantmedia.com freewheel.tv improvedigital.com inmobi.com lijit.com loopme.com media.net ogury.com onetag.com pubmatic.com rubiconproject.com sharethrough.com smaato.com smartadserver.com themediagrid.com triplelift.com undertone.com video.unrulymedia.com xandr.com
PublisherDesk,publisherdesk.com,22,38,amxrtb.com appnexus.com aps.amazon.com blis.com indexexchange.com inmobi.com lijit.com media.net nativo.com ogury.com onetag.com pubmatic.com risecodes.com rubiconproject.com seedtag.com sharethrough.com smartadserver.com teads.tv themediagrid.com triplelift.com video.unrulymedia.com xandr.com
THUNDER MONETIZATION PTE. LTD.,thunder-monetize.com,22,50,adform.com adyoulike.com appnexus.com conversantmedia.com improvedigital.com indexexchange.com lijit.com loopme.com media.net nativo.com ogury.com onetag.com pubmatic.com rubiconproject.com sharethrough.com smaato.com smartadserver.com themediagrid.com triplelift.com video.unrulymedia.com xandr.com yieldmo.com
Taboola,taboola.com,22,34,amxrtb.com appnexus.com contextweb.com conversantmedia.com freewheel.tv improvedigital.com indexexchange.com inmobi.com loopme.com media.net nativo.com openx.com pubmatic.com rubiconproject.com sharethrough.com smaato.com smartadserver.com themediagrid.com triplelift.com video.unrulymedia.com xandr.com yieldmo.com
ADNIMATION LTD,adnimation.com,21,37,adyoulike.com amxrtb.com appnexus.com aps.amazon.com connatix.com conversantmedia.com indexexchange.com inmobi.com lijit.com media.net ogury.com onetag.com openx.com pubmatic.com risecodes.com rubiconproject.com seedtag.com sharethrough.com smartadserver.com video.unrulymedia.com xandr.com
Algorix Technology Pte. Ltd.,algorix.co,21,27,adyoulike.com appnexus.com contextweb.com conversantmedia.com improvedigital.com inmobi.com lijit.com loopme.com media.net onetag.com openx.com pubmatic.com risecodes.com rubiconproject.com sharethrough.com smaato.com smartadserver.com themediagrid.com triplelift.com video.unrulymedia.com xandr.com
Anzu Virtual Reality LTD,anzu.io,21,36,adyoulike.com appnexus.com conversantmedia.com freewheel.tv improvedigital.com indexexchange.com inmobi.com lijit.com loopme.com media.net ogury.com onetag.com openx.com pubmatic.com risecodes.com rubiconproject.com sharethrough.com smaato.com smartadserver.com video.unrulymedia.com xandr.com
Apester Ltd.,apester.com,21,44,adform.com adyoulike.com amxrtb.com appnexus.com aps.amazon.com freewheel.tv improvedigital.com inmobi.com lijit.com ogury.com onetag.com openx.com pubmatic.com risecodes.com rubiconproject.com seedtag.com sharethrough.com smartadserver.com triplelift.com video.unrulymedia.com xandr.com
Ascendeum Co,ascendeum.com,21,33,adform.com aps.amazon.com connatix.com conversantmedia.com improvedigital.com inmobi.com kargo.com loopme.com nativo.com ogury.com onetag.com openx.com pubmatic.com risecodes.com rubiconproject.com seedtag.com sharethrough.com smartadserver.com themediagrid.com triplelift.com video.unrulymedia.com
Dailymotion,nsightvideo.com,21,39,adform.com amxrtb.com appnexus.com aps.amazon.com freewheel.tv gumgum.com improvedigital.com indexexchange.com inmobi.com loopme.com media.net openx.com pubmatic.com risecodes.com sharethrough.com smaato.com smartadserver.com themediagrid.com triplelift.com xandr.com yieldmo.com
H Code Media,hcodemedia.com,21,31,amxrtb.com appnexus.com aps.amazon.com blis.com connatix.com conversantmedia.com gumgum.com indexexchange.com kargo.com lijit.com media.net nativo.com ogury.com openx.com pubmatic.com rubiconproject.com teads.tv triplelift.com undertone.com video.unrulymedia.com xandr.com
Longitude Ads,longitudeads.com,21,70,amxrtb.com appnexus.com aps.amazon.com conversantmedia.com gumgum.com indexexchange.com inmobi.com kargo.com lijit.com media.net ogury.com onetag.com pubmatic.com risecodes.com rubiconproject.com sharethrough.com smartadserver.com themediagrid.com triplelift.com video.unrulymedia.com xandr.com
Monumetric,monumetric.com,21,46,amxrtb.com appnexus.com aps.amazon.com conversantmedia.com gumgum.com indexexchange.com inmobi.com lijit.com media.net nativo.com ogury.com onetag.com openx.com pubmatic.com rubiconproject.com seedtag.com sharethrough.com smartadserver.com triplelift.com xandr.com yieldmo.com
Next Millenium,nextmillennium.io,21,49,amxrtb.com aps.amazon.com connatix.com conversantmedia.com gumgum.com improvedigital.com lijit.com nativo.com onetag.com openx.com pubmatic.com risecodes.com sharethrough.com smaato.com smartadserver.com teads.tv themediagrid.com triplelift.com undertone.com video.unrulymedia.com yieldmo.com
Seven technologies S.L,videoheroes.tv,21,30,adform.com appnexus.com contextweb.com conversantmedia.com freewheel.tv gumgum.com improvedigital.com lijit.com loopme.com media.net onetag.com openx.com pubmatic.com rubiconproject.com seedtag.com sharethrough.com smartadserver.com themediagrid.com triplelift.com video.unrulymedia.com xandr.com
Traffective,traffective.com,21,29,adform.com adyoulike.com appnexus.com aps.amazon.com gumgum.com improvedigital.com indexexchange.com lijit.com media.net ogury.com onetag.com openx.com pubmatic.com rubiconproject.com seedtag.com sharethrough.com smartadserver.com teads.tv themediagrid.com triplelift.com xandr.com
Vidazoo Ltd.,vidazoo.com,21,33,adform.com adyoulike.com appnexus.com aps.amazon.com conversantmedia.com freewheel.tv inmobi.com lijit.com media.net onetag.com openx.com pubmatic.com rubiconproject.com sharethrough.com smaato.com smartadserver.com themediagrid.com triplelift.com video.unrulymedia.com xandr.com yieldmo.com
Zmaticoo,zmaticoo.com,21,28,adyoulike.com connatix.com conversantmedia.com freewheel.tv improvedigital.com inmobi.com lijit.com loopme.com media.net nativo.com onetag.com openx.com pubmatic.com risecodes.com rubiconproject.com seedtag.com sharethrough.com smartadserver.com themediagrid.com triplelift.com video.unrulymedia.com
ADman Interactive SL,admanmedia.com,20,35,adform.com adyoulike.com amxrtb.com appnexus.com conversantmedia.com freewheel.tv lijit.com loopme.com media.net onetag.com openx.com pubmatic.com rubiconproject.com sharethrough.com smaato.com smartadserver.com themediagrid.com triplelift.com video.unrulymedia.com xandr.com
AdPushup,adpushup.com,20,24,amxrtb.com appnexus.com aps.amazon.com conversantmedia.com indexexchange.com inmobi.com loopme.com media.net nativo.com onetag.com pubmatic.com risecodes.com rubiconproject.com sharethrough.com smartadserver.com teads.tv themediagrid.com triplelift.com video.unrulymedia.com xandr.com
Bid Machine,bidmachine.io,20,28,adyoulike.com appnexus.com conversantmedia.com improvedigital.com indexexchange.com lijit.com loopme.com media.net openx.com pubmatic.com risecodes.com rubiconproject.com sharethrough.com smaato.com smartadserver.com themediagrid.com triplelift.com video.unrulymedia.com xandr.com yieldmo.com
Copper6 app,copper6.com,20,26,adyoulike.com appnexus.com aps.amazon.com conversantmedia.com freewheel.tv inmobi.com lijit.com media.net nativo.com ogury.com onetag.com openx.com pubmatic.com rubiconproject.com seedtag.com sharethrough.com smartadserver.com triplelift.com video.unrulymedia.com xandr.com
Iion SSP,iion.io,20,32,adform.com adyoulike.com appnexus.com aps.amazon.com freewheel.tv improvedigital.com lijit.com loopme.com media.net onetag.com pubmatic.com risecodes.com rubiconproject.com sharethrough.com smaato.com smartadserver.com themediagrid.com triplelift.com video.unrulymedia.com xandr.com
Italiaonline S.p.A.,italiaonline.it,20,34,adform.com amxrtb.com appnexus.com aps.amazon.com improvedigital.com indexexchange.com inmobi.com lijit.com ogury.com onetag.com openx.com pubmatic.com rubiconproject.com sharethrough.com smartadserver.com teads.tv themediagrid.com triplelift.com video.unrulymedia.com xandr.com
Nitro,nitropay.com,20,29,adform.com appnexus.com aps.amazon.com indexexchange.com inmobi.com lijit.com media.net nativo.com onetag.com openx.com pubmatic.com risecodes.com rubiconproject.com sharethrough.com smartadserver.com themediagrid.com triplelift.com video.unrulymedia.com xandr.com yieldmo.com
OMS,onlinemediasolutions.com,20,28,adform.com adyoulike.com amxrtb.com appnexus.com aps.amazon.com conversantmedia.com improvedigital.com inmobi.com lijit.com loopme.com media.net ogury.com onetag.com openx.com pubmatic.com sharethrough.com smartadserver.com themediagrid.com video.unrulymedia.com xandr.com
'Themoneytizer' Main,themoneytizer.com,19,38,adform.com amxrtb.com aps.amazon.com gumgum.com improvedigital.com inmobi.com lijit.com ogury.com onetag.com openx.com pubmatic.com risecodes.com rubiconproject.com seedtag.com sharethrough.com smartadserver.com teads.tv themediagrid.com triplelift.com
FootballCo Media Limited,footballco.com,19,29,appnexus.com aps.amazon.com conversantmedia.com freewheel.tv improvedigital.com indexexchange.com lijit.com media.net openx.com pubmatic.com risecodes.com rubiconproject.com seedtag.com sharethrough.com smartadserver.com themediagrid.com triplelift.com video.unrulymedia.com xandr.com
GADSME,gadsme.com,19,34,appnexus.com improvedigital.com indexexchange.com inmobi.com loopme.com media.net ogury.com onetag.com openx.com pubmatic.com risecodes.com rubiconproject.com sharethrough.com smaato.com smartadserver.com themediagrid.com triplelift.com video.unrulymedia.com xandr.com
GRV Media [OW],grv.media,19,29,adyoulike.com amxrtb.com appnexus.com aps.amazon.com gumgum.com indexexchange.com kargo.com lijit.com openx.com pubmatic.com risecodes.com rubiconproject.com seedtag.com sharethrough.com smartadserver.com teads.tv triplelift.com video.unrulymedia.com xandr.com
Gourmet Ads,gourmetads.com,19,23,amxrtb.com appnexus.com aps.amazon.com conversantmedia.com improvedigital.com inmobi.com lijit.com nativo.com ogury.com onetag.com openx.com pubmatic.com rubiconproject.com sharethrough.com smaato.com smartadserver.com themediagrid.com video.unrulymedia.com xandr.com
Journey,journeymv.com,19,24,appnexus.com aps.amazon.com gumgum.com improvedigital.com indexexchange.com kargo.com media.net nativo.com openx.com pubmatic.com risecodes.com rubiconproject.com sharethrough.com smartadserver.com themediagrid.com triplelift.com video.unrulymedia.com xandr.com yieldmo.com
LoopMe Ltd,loopme.com,19,29,adform.com adyoulike.com appnexus.com conversantmedia.com freewheel.tv improvedigital.com indexexchange.com lijit.com media.net openx.com pubmatic.com risecodes.com rubiconproject.com sharethrough.com smartadserver.com themediagrid.com triplelift.com video.unrulymedia.com xandr.com
Mediafuse,mediafuse.com,19,35,amxrtb.com appnexus.com aps.amazon.com connatix.com conversantmedia.com freewheel.tv inmobi.com lijit.com media.net onetag.com pubmatic.com rubiconproject.com sharethrough.com smaato.com smartadserver.com themediagrid.com triplelift.com video.unrulymedia.com xandr.com
Meetscale,flashb.id,19,31,adform.com adyoulike.com appnexus.com aps.amazon.com freewheel.tv improvedigital.com lijit.com media.net onetag.com openx.com pubmatic.com risecodes.com rubiconproject.com sharethrough.com smartadserver.com themediagrid.com triplelift.com video.unrulymedia.com xandr.com
PubNation,pubnation.com,19,23,appnexus.com aps.amazon.com blis.com gumgum.com indexexchange.com kargo.com lijit.com media.net nativo.com openx.com pubmatic.com rubiconproject.com sharethrough.com smartadserver.com themediagrid.com triplelift.com xandr.com yahoo.com yieldmo.com
STN Video,stnvideo.com,19,24,aps.amazon.com conversantmedia.com freewheel.tv gumgum.com inmobi.com media.net nativo.com onetag.com pubmatic.com rubiconproject.com seedtag.com sharethrough.com smartadserver.com teads.tv themediagrid.com triplelift.com video.unrulymedia.com yahoo.com yieldmo.com
The COOL Company,insticator.com,19,28,adform.com amxrtb.com appnexus.com aps.amazon.com connatix.com conversantmedia.com inmobi.com lijit.com onetag.com openx.com pubmatic.com risecodes.com rubiconproject.com sharethrough.com smaato.com smartadserver.com themediagrid.com video.unrulymedia.com xandr.com
Vidoomy,vidoomy.com,19,31,adform.com adyoulike.com amxrtb.com appnexus.com freewheel.tv improvedigital.com inmobi.com loopme.com media.net onetag.com openx.com pubmatic.com rubiconproject.com sharethrough.com smartadserver.com themediagrid.com triplelift.com video.unrulymedia.com xandr.com
Yieldbird Sp. z o. o,yieldbird.com,19,22,adform.com adyoulike.com amxrtb.com appnexus.com aps.amazon.com conversantmedia.com gumgum.com indexexchange.com lijit.com ogury.com openx.com pubmatic.com rubiconproject.com seedtag.com sharethrough.com smartadserver.com themediagrid.com triplelift.com xandr.com
Yieldlove GmbH,yieldlove.com,19,72,adform.com adyoulike.com amxrtb.com aps.amazon.com conversantmedia.com gumgum.com improvedigital.com indexexchange.com kargo.com ogury.com onetag.com pubmatic.com rubiconproject.com seedtag.com sharethrough.com smartadserver.com teads.tv themediagrid.com triplelift.com
1XL LIMITED,1xl.co.uk,18,47,adform.com amxrtb.com appnexus.com aps.amazon.com conversantmedia.com gumgum.com improvedigital.com indexexchange.com lijit.com openx.com pubmatic.com rubiconproject.com seedtag.com sharethrough.com smartadserver.com themediagrid.com triplelift.com xandr.com
Ads Interactive,adsinteractive.com,18,18,adform.com adyoulike.com amxrtb.com appnexus.com improvedigital.com inmobi.com lijit.com ogury.com onetag.com openx.com pubmatic.com rubiconproject.com sharethrough.com smartadserver.com teads.tv themediagrid.com triplelift.com xandr.com
Amagi Corporation,amagi.com,18,34,appnexus.com connatix.com conversantmedia.com freewheel.tv gumgum.com improvedigital.com indexexchange.com inmobi.com lijit.com pubmatic.com rubiconproject.com seedtag.com sharethrough.com smartadserver.com teads.tv video.unrulymedia.com xandr.com yahoo.com
Anymanager,anymanager.io,18,32,amxrtb.com appnexus.com aps.amazon.com conversantmedia.com gumgum.com inmobi.com media.net ogury.com onetag.com openx.com pubmatic.com rubiconproject.com sharethrough.com smaato.com smartadserver.com triplelift.com video.unrulymedia.com xandr.com
Brave,thebrave.io,18,33,adyoulike.com appnexus.com connatix.com contextweb.com conversantmedia.com freewheel.tv improvedigital.com lijit.com loopme.com media.net rubiconproject.com sharethrough.com smaato.com smartadserver.com triplelift.com video.unrulymedia.com xandr.com yieldmo.com
Datablocks,datablocks.net,18,26,amxrtb.com appnexus.com conversantmedia.com gumgum.com lijit.com media.net ogury.com onetag.com openx.com pubmatic.com risecodes.com rubiconproject.com sharethrough.com smartadserver.com teads.tv triplelift.com video.unrulymedia.com xandr.com
Ex.co,playbuzz.com,18,31,adform.com appnexus.com freewheel.tv gumgum.com improvedigital.com lijit.com media.net onetag.com openx.com pubmatic.com rubiconproject.com seedtag.com sharethrough.com smartadserver.com triplelift.com video.unrulymedia.com xandr.com yieldmo.com
Hashtag Labs,hashtag-labs.com,18,35,amxrtb.com aps.amazon.com connatix.com conversantmedia.com gumgum.com lijit.com media.net nativo.com ogury.com onetag.com pubmatic.com rubiconproject.com seedtag.com sharethrough.com smartadserver.com teads.tv triplelift.com yieldmo.com
Kueez Entertainment LTD,kueez.com,18,68,adform.com adyoulike.com aps.amazon.com connatix.com improvedigital.com lijit.com media.net onetag.com pubmatic.com rubiconproject.com sharethrough.com smaato.com smartadserver.com teads.tv themediagrid.com triplelift.com video.unrulymedia.com yieldmo.com
MobileFuse LLC,mobilefuse.com,18,22,appnexus.com contextweb.com conversantmedia.com improvedigital.com lijit.com loopme.com media.net openx.com pubmatic.com risecodes.com rubiconproject.com sharethrough.com smaato.com smartadserver.com themediagrid.com triplelift.com video.unrulymedia.com xandr.com
Monetizemore,monetizemore.com,18,29,amxrtb.com appnexus.com aps.amazon.com connatix.com conversantmedia.com inmobi.com lijit.com media.net ogury.com onetag.com openx.com pubmatic.com rubiconproject.com sharethrough.com smartadserver.com teads.tv video.unrulymedia.com xandr.com
OpenWeb,spotim.market,18,30,adyoulike.com amxrtb.com aps.amazon.com freewheel.tv indexexchange.com lijit.com nativo.com onetag.com pubmatic.com risecodes.com rubiconproject.com seedtag.com sharethrough.com smartadserver.com themediagrid.com triplelift.com video.unrulymedia.com yieldmo.com
OpsCo LLC,ops.co,18,45,amxrtb.com appnexus.com conversantmedia.com kargo.com lijit.com media.net nativo.com onetag.com openx.com risecodes.com rubiconproject.com sharethrough.com smartadserver.com themediagrid.com triplelift.com video.unrulymedia.com xandr.com yieldmo.com
Prisma Media,prismamedia.com,18,57,adform.com adyoulike.com amxrtb.com appnexus.com aps.amazon.com improvedigital.com indexexchange.com ogury.com onetag.com pubmatic.com rubiconproject.com seedtag.com sharethrough.com smartadserver.com teads.tv themediagrid.com triplelift.com xandr.com
Project Agora Ltd,projectagora.com,18,31,adform.com appnexus.com aps.amazon.com improvedigital.com indexexchange.com lijit.com ogury.com onetag.com openx.com pubmatic.com rubiconproject.com seedtag.com sharethrough.com smaato.com smartadserver.com themediagrid.com video.unrulymedia.com xandr.com
SPACEFOOT SAS (Akcelo),spacefoot.com,18,48,adyoulike.com amxrtb.com appnexus.com aps.amazon.com indexexchange.com lijit.com media.net ogury.com onetag.com pubmatic.com rubiconproject.com seedtag.com sharethrough.com smartadserver.com teads.tv themediagrid.com triplelift.com xandr.com
Smile Wanted Group,smilewanted.com,18,29,adform.com adyoulike.com amxrtb.com appnexus.com improvedigital.com lijit.com loopme.com onetag.com openx.com pubmatic.com rubiconproject.com sharethrough.com smaato.com smartadserver.com teads.tv themediagrid.com video.unrulymedia.com xandr.com
Teal Digital Group Ltd,teal.works,18,20,adform.com adyoulike.com amxrtb.com conversantmedia.com improvedigital.com inmobi.com media.net ogury.com openx.com pubmatic.com risecodes.com rubiconproject.com seedtag.com sharethrough.com smartadserver.com themediagrid.com triplelift.com video.unrulymedia.com
VoiseTech LTD,voisetech.com,18,23,adform.com appnexus.com connatix.com freewheel.tv improvedigital.com inmobi.com lijit.com media.net nativo.com onetag.com pubmatic.com risecodes.com sharethrough.com smartadserver.com teads.tv triplelift.com video.unrulymedia.com xandr.com
Vuukle,vuukle.com,18,27,amxrtb.com appnexus.com aps.amazon.com connatix.com conversantmedia.com freewheel.tv inmobi.com lijit.com nativo.com onetag.com openx.com pubmatic.com rubiconproject.com sharethrough.com smartadserver.com themediagrid.com video.unrulymedia.com xandr.com
9 dots media LTD,9dotsmedia.com,17,20,adform.com adyoulike.com amxrtb.com appnexus.com aps.amazon.com connatix.com conversantmedia.com lijit.com media.net nativo.com seedtag.com sharethrough.com smaato.com smartadserver.com themediagrid.com triplelift.com xandr.com
Adinplay,adinplay.com,17,26,amxrtb.com appnexus.com aps.amazon.com conversantmedia.com freewheel.tv indexexchange.com media.net onetag.com openx.com pubmatic.com risecodes.com rubiconproject.com sharethrough.com smartadserver.com triplelift.com video.unrulymedia.com xandr.com
Anyclip,anyclip.com,17,32,amxrtb.com conversantmedia.com gumgum.com indexexchange.com lijit.com media.net onetag.com openx.com pubmatic.com risecodes.com seedtag.com sharethrough.com smartadserver.com themediagrid.com triplelift.com video.unrulymedia.com yieldmo.com
Arkadium,arkadium.com,17,25,amxrtb.com appnexus.com aps.amazon.com conversantmedia.com indexexchange.com inmobi.com lijit.com onetag.com openx.com pubmatic.com risecodes.com rubiconproject.com sharethrough.com smartadserver.com triplelift.com video.unrulymedia.com xandr.com
Automatad,automatad.com,17,32,aps.amazon.com conversantmedia.com gumgum.com inmobi.com lijit.com media.net ogury.com onetag.com openx.com pubmatic.com risecodes.com rubiconproject.com sharethrough.com smartadserver.com themediagrid.com triplelift.com video.unrulymedia.com
Consumable,consumable.com,17,29,amxrtb.com appnexus.com aps.amazon.com conversantmedia.com freewheel.tv improvedigital.com indexexchange.com lijit.com media.net openx.com pubmatic.com rubiconproject.com sharethrough.com smartadserver.com video.unrulymedia.com xandr.com yieldmo.com
Content Ignite,contentignite.com,17,18,amxrtb.com appnexus.com improvedigital.com indexexchange.com inmobi.com ogury.com onetag.com openx.com pubmatic.com rubiconproject.com seedtag.com sharethrough.com smartadserver.com themediagrid.com triplelift.com video.unrulymedia.com xandr.com
Display.io,display.io,17,23,adyoulike.com conversantmedia.com gumgum.com improvedigital.com inmobi.com lijit.com loopme.com media.net nativo.com openx.com pubmatic.com rubiconproject.com sharethrough.com smaato.com smartadserver.com video.unrulymedia.com yieldmo.com
ICardoo Digital Marketing Srl,hbagency.it,17,19,adform.com adyoulike.com amxrtb.com aps.amazon.com connatix.com gumgum.com inmobi.com ogury.com onetag.com pubmatic.com seedtag.com sharethrough.com smartadserver.com teads.tv themediagrid.com triplelift.com video.unrulymedia.com
Mso Digital,symplr.de,17,21,amxrtb.com appnexus.com aps.amazon.com gumgum.com indexexchange.com lijit.com ogury.com onetag.com openx.com pubmatic.com rubiconproject.com seedtag.com sharethrough.com smartadserver.com teads.tv themediagrid.com xandr.com
PROJECTADV S.R.L,projectadv.it,17,19,adform.com adyoulike.com amxrtb.com aps.amazon.com gumgum.com improvedigital.com media.net ogury.com onetag.com openx.com rubiconproject.com seedtag.com sharethrough.com smartadserver.com teads.tv themediagrid.com video.unrulymedia.com
QUARTER MEDIA Technologies,quartermedia.de,17,20,adform.com appnexus.com aps.amazon.com gumgum.com improvedigital.com indexexchange.com inmobi.com lijit.com pubmatic.com rubiconproject.com seedtag.com sharethrough.com smartadserver.com teads.tv themediagrid.com triplelift.com xandr.com
Rich Audience Technologies SL,richaudience.com,17,18,adform.com adyoulike.com amxrtb.com appnexus.com conversantmedia.com inmobi.com loopme.com onetag.com openx.com pubmatic.com risecodes.com rubiconproject.com sharethrough.com smartadserver.com themediagrid.com video.unrulymedia.com xandr.com
SIA Setupad,setupad.com,17,25,adform.com amxrtb.com aps.amazon.com conversantmedia.com indexexchange.com lijit.com media.net nativo.com ogury.com onetag.com openx.com pubmatic.com risecodes.com seedtag.com sharethrough.com smartadserver.com themediagrid.com
Smaato,smaato.com,17,28,adyoulike.com blis.com contextweb.com improvedigital.com inmobi.com lijit.com loopme.com media.net onetag.com openx.com pubmatic.com risecodes.com rubiconproject.com sharethrough.com smaato.com smartadserver.com video.unrulymedia.com
Talks Media [HB],talksmedia.it,17,19,adyoulike.com amxrtb.com appnexus.com aps.amazon.com indexexchange.com lijit.com ogury.com onetag.com openx.com pubmatic.com rubiconproject.com seedtag.com sharethrough.com smartadserver.com teads.tv themediagrid.com xandr.com
Tappacelerator Media SL,tappx.com,17,36,adform.com adyoulike.com connatix.com conversantmedia.com freewheel.tv improvedigital.com lijit.com loopme.com onetag.com pubmatic.com rubiconproject.com sharethrough.com smaato.com smartadserver.com themediagrid.com triplelift.com video.unrulymedia.com
Verve,pubnative.net,17,26,blis.com conversantmedia.com improvedigital.com indexexchange.com lijit.com loopme.com nativo.com onetag.com openx.com pubmatic.com risecodes.com rubiconproject.com sharethrough.com smaato.com smartadserver.com themediagrid.com video.unrulymedia.com
Xapads Media,xapads.com,17,31,adform.com appnexus.com aps.amazon.com connatix.com conversantmedia.com freewheel.tv lijit.com loopme.com media.net onetag.com pubmatic.com sharethrough.com smartadserver.com themediagrid.com triplelift.com video.unrulymedia.com xandr.com
Yourbow,yourbow.com,17,196,amxrtb.com appnexus.com aps.amazon.com inmobi.com lijit.com media.net nativo.com onetag.com openx.com pubmatic.com rubiconproject.com sharethrough.com smartadserver.com themediagrid.com triplelift.com video.unrulymedia.com xandr.com
highfivve GmbH,highfivve.com,17,22,adform.com amxrtb.com appnexus.com aps.amazon.com gumgum.com improvedigital.com indexexchange.com inmobi.com onetag.com pubmatic.com rubiconproject.com seedtag.com sharethrough.com smartadserver.com themediagrid.com triplelift.com xandr.com
AdAsta,adasta.it,16,17,adform.com adyoulike.com amxrtb.com appnexus.com aps.amazon.com improvedigital.com indexexchange.com ogury.com pubmatic.com rubiconproject.com seedtag.com sharethrough.com smartadserver.com teads.tv themediagrid.com xandr.com
Amazon UAM,amazon.com,16,29,adyoulike.com blis.com contextweb.com improvedigital.com inmobi.com loopme.com media.net openx.com pubmatic.com rubiconproject.com sharethrough.com smaato.com themediagrid.com triplelift.com video.unrulymedia.com yieldmo.com
Aniview,aniview.com,16,211,amxrtb.com conversantmedia.com freewheel.tv inmobi.com lijit.com media.net nativo.com onetag.com openx.com pubmatic.com risecodes.com sharethrough.com smaato.com smartadserver.com video.unrulymedia.com yieldmo.com
DigitalBloom S.r.l.,digitalbloom.it,16,20,adform.com appnexus.com aps.amazon.com improvedigital.com indexexchange.com lijit.com ogury.com onetag.com openx.com rubiconproject.com seedtag.com sharethrough.com smartadserver.com teads.tv themediagrid.com xandr.com
Disqus,disqus.com,16,25,amxrtb.com appnexus.com aps.amazon.com lijit.com loopme.com media.net onetag.com openx.com pubmatic.com risecodes.com rubiconproject.com sharethrough.com teads.tv themediagrid.com video.unrulymedia.com xandr.com
E-Planning,e-planning.net,16,21,adyoulike.com amxrtb.com appnexus.com conversantmedia.com improvedigital.com lijit.com media.net onetag.com openx.com pubmatic.com rubiconproject.com sharethrough.com smartadserver.com teads.tv video.unrulymedia.com xandr.com
Eskimi UAB,eskimi.com,16,20,appnexus.com conversantmedia.com freewheel.tv improvedigital.com lijit.com onetag.com pubmatic.com risecodes.com rubiconproject.com sharethrough.com smaato.com smartadserver.com themediagrid.com triplelift.com video.unrulymedia.com xandr.com
Fuel Digital Inc.,fueldigitalmedia.com,16,18,appnexus.com aps.amazon.com gumgum.com indexexchange.com inmobi.com lijit.com media.net openx.com pubmatic.com rubiconproject.com seedtag.com sharethrough.com smartadserver.com teads.tv triplelift.com xandr.com
LG Ads,lgads.tv,16,25,appnexus.com conversantmedia.com freewheel.tv gumgum.com indexexchange.com inmobi.com lijit.com media.net pubmatic.com sharethrough.com smartadserver.com teads.tv triplelift.com video.unrulymedia.com xandr.com yieldmo.com
Limpid,limpid.tv,16,27,adyoulike.com appnexus.com contextweb.com conversantmedia.com improvedigital.com lijit.com loopme.com media.net pubmatic.com rubiconproject.com sharethrough.com smaato.com smartadserver.com triplelift.com video.unrulymedia.com xandr.com
MGID,mgid.com,16,21,adyoulike.com amxrtb.com appnexus.com connatix.com improvedigital.com inmobi.com lijit.com onetag.com pubmatic.com risecodes.com rubiconproject.com sharethrough.com smartadserver.com themediagrid.com video.unrulymedia.com xandr.com
Nimbus,adsbynimbus.com,16,17,adyoulike.com improvedigital.com kargo.com lijit.com loopme.com media.net nativo.com ogury.com onetag.com pubmatic.com risecodes.com rubiconproject.com sharethrough.com themediagrid.com video.unrulymedia.com yieldmo.com
ProgrammaticX,programmaticx.ai,16,20,adform.com adyoulike.com amxrtb.com appnexus.com conversantmedia.com freewheel.tv improvedigital.com lijit.com loopme.com media.net onetag.com risecodes.com themediagrid.com triplelift.com video.unrulymedia.com xandr.com
Pubstack,pubstack.io,16,17,adform.com appnexus.com gumgum.com improvedigital.com ogury.com onetag.com openx.com pubmatic.com rubiconproject.com seedtag.com sharethrough.com smartadserver.com teads.tv themediagrid.com triplelift.com xandr.com
ShowHeroes SE,showheroes.com,16,54,adform.com appnexus.com aps.amazon.com freewheel.tv improvedigital.com indexexchange.com lijit.com media.net onetag.com pubmatic.com rubiconproject.com sharethrough.com smartadserver.com triplelift.com video.unrulymedia.com xandr.com
ADYOULIKE SA,adyoulike.com,15,17,adform.com adyoulike.com amxrtb.com lijit.com loopme.com media.net nativo.com onetag.com pubmatic.com risecodes.com rubiconproject.com sharethrough.com smaato.com smartadserver.com video.unrulymedia.com
Advertising.com,imds.tv,15,28,amxrtb.com conversantmedia.com improvedigital.com indexexchange.com inmobi.com nativo.com onetag.com openx.com pubmatic.com risecodes.com rubiconproject.com sharethrough.com smartadserver.com themediagrid.com triplelift.com
BCN Brand Community Network GmbH,bcn.group,15,20,appnexus.com aps.amazon.com improvedigital.com indexexchange.com ogury.com openx.com pubmatic.com rubiconproject.com seedtag.com sharethrough.com smartadserver.com teads.tv themediagrid.com triplelift.com xandr.com
Click.io,clickio.com,15,19,adyoulike.com amxrtb.com aps.amazon.com improvedigital.com indexexchange.com media.net ogury.com onetag.com openx.com rubiconproject.com seedtag.com sharethrough.com smartadserver.com teads.tv themediagrid.com
Cpm Star,cpmstar.com,15,28,amxrtb.com aps.amazon.com conversantmedia.com gumgum.com inmobi.com lijit.com nativo.com onetag.com openx.com pubmatic.com rubiconproject.com sharethrough.com smaato.com smartadserver.com triplelift.com
Digital Matter,digitalmatter.ai,15,25,adform.com appnexus.com aps.amazon.com improvedigital.com indexexchange.com lijit.com onetag.com openx.com pubmatic.com rubiconproject.com sharethrough.com smartadserver.com teads.tv themediagrid.com xandr.com
Exmarketplace,exmarketplace.com,15,18,adyoulike.com appnexus.com improvedigital.com indexexchange.com lijit.com ogury.com onetag.com pubmatic.com rubiconproject.com seedtag.com sharethrough.com smartadserver.com teads.tv triplelift.com xandr.com
HITOPIC,hitopic.fr,15,16,adyoulike.com amxrtb.com appnexus.com aps.amazon.com onetag.com pubmatic.com rubiconproject.com seedtag.com sharethrough.com smartadserver.com teads.tv themediagrid.com triplelift.com video.unrulymedia.com xandr.com
Integer Media LLC,publir.com,15,33,appnexus.com aps.amazon.com connatix.com conversantmedia.com lijit.com media.net nativo.com pubmatic.com rubiconproject.com sharethrough.com smartadserver.com themediagrid.com triplelift.com video.unrulymedia.com xandr.com
Iqzone,iqzone.com,15,19,adyoulike.com appnexus.com contextweb.com conversantmedia.com freewheel.tv improvedigital.com lijit.com loopme.com openx.com pubmatic.com sharethrough.com smartadserver.com themediagrid.com triplelift.com xandr.com
Massarius B.V.,massarius.com,15,24,adform.com amxrtb.com appnexus.com freewheel.tv gumgum.com kargo.com pubmatic.com rubiconproject.com seedtag.com sharethrough.com smartadserver.com teads.tv triplelift.com video.unrulymedia.com xandr.com
Netaddiction,netaddiction.it,15,15,adform.com amxrtb.com aps.amazon.com blis.com gumgum.com improvedigital.com ogury.com onetag.com pubmatic.com rubiconproject.com seedtag.com sharethrough.com smartadserver.com teads.tv themediagrid.com
NeworMedia,newormedia.com,15,23,amxrtb.com aps.amazon.com conversantmedia.com inmobi.com lijit.com media.net onetag.com openx.com pubmatic.com rubiconproject.com sharethrough.com smaato.com smartadserver.com triplelift.com video.unrulymedia.com
OCM Digital Media,orangeclickmedia.com,15,44,adform.com aps.amazon.com connatix.com freewheel.tv indexexchange.com lijit.com ogury.com onetag.com openx.com pubmatic.com seedtag.com sharethrough.com smartadserver.com themediagrid.com triplelift.com
OTTera,adnetplus.tv,15,32,appnexus.com connatix.com conversantmedia.com kargo.com lijit.com loopme.com media.net pubmatic.com seedtag.com sharethrough.com smartadserver.com teads.tv triplelift.com video.unrulymedia.com xandr.com
Opera,opera.com,15,20,conversantmedia.com freewheel.tv indexexchange.com inmobi.com lijit.com loopme.com media.net pubmatic.com risecodes.com rubiconproject.com sharethrough.com smaato.com smartadserver.com themediagrid.com triplelift.com
Organic Ventures Inc.,organic.ly,15,16,appnexus.com aps.amazon.com connatix.com conversantmedia.com indexexchange.com kargo.com media.net nativo.com ogury.com pubmatic.com rubiconproject.com sharethrough.com smartadserver.com triplelift.com xandr.com
Proper Media,proper.io,15,34,amxrtb.com appnexus.com aps.amazon.com gumgum.com lijit.com media.net openx.com pubmatic.com rubiconproject.com sharethrough.com smartadserver.com teads.tv themediagrid.com video.unrulymedia.com xandr.com
Seedtag,seedtag.com,15,17,adform.com adyoulike.com amxrtb.com appnexus.com improvedigital.com lijit.com loopme.com onetag.com openx.com pubmatic.com rubiconproject.com sharethrough.com smartadserver.com video.unrulymedia.com xandr.com
TMH Technology Marketing Limited,tmhtechco.com,15,18,appnexus.com connatix.com conversantmedia.com freewheel.tv improvedigital.com inmobi.com lijit.com loopme.com media.net pubmatic.com sharethrough.com smartadserver.com triplelift.com video.unrulymedia.com xandr.com
"VIZIO Services, LLC - vAmplify",vizio.com,15,22,appnexus.com connatix.com freewheel.tv indexexchange.com inmobi.com lijit.com openx.com pubmatic.com sharethrough.com smartadserver.com themediagrid.com triplelift.com video.unrulymedia.com xandr.com yieldmo.com
VRTCAL,vrtcal.com,15,23,adyoulike.com conversantmedia.com freewheel.tv lijit.com media.net nativo.com openx.com pubmatic.com rubiconproject.com sharethrough.com smaato.com smartadserver.com triplelift.com undertone.com video.unrulymedia.com
Yobee S.r.l,yobee.it,15,18,adform.com aps.amazon.com freewheel.tv gumgum.com improvedigital.com ogury.com onetag.com pubmatic.com rubiconproject.com seedtag.com sharethrough.com smartadserver.com teads.tv themediagrid.com triplelift.com
AdVally,advally.com,14,28,amxrtb.com aps.amazon.com connatix.com gumgum.com media.net nativo.com onetag.com openx.com pubmatic.com rubiconproject.com sharethrough.com smartadserver.com triplelift.com video.unrulymedia.com
Adverty,adverty.com,14,18,adform.com adyoulike.com conversantmedia.com improvedigital.com inmobi.com lijit.com loopme.com openx.com pubmatic.com risecodes.com rubiconproject.com sharethrough.com smartadserver.com video.unrulymedia.com
Azerion Technology B.V.,adplay.it,14,23,adform.com aps.amazon.com improvedigital.com indexexchange.com ogury.com onetag.com openx.com pubmatic.com rubiconproject.com seedtag.com sharethrough.com smartadserver.com themediagrid.com triplelift.com
Azerion Technology B.V. (Headerlift),headerlift.com,14,24,adform.com appnexus.com aps.amazon.com improvedigital.com indexexchange.com ogury.com onetag.com openx.com pubmatic.com rubiconproject.com sharethrough.com smartadserver.com triplelift.com xandr.com
Bigo,bigo.sg,14,23,adyoulike.com freewheel.tv improvedigital.com loopme.com media.net onetag.com openx.com pubmatic.com rubiconproject.com sharethrough.com smaato.com smartadserver.com triplelift.com video.unrulymedia.com
Blockthrough,blockthrough.com,14,16,amxrtb.com appnexus.com indexexchange.com lijit.com nativo.com onetag.com pubmatic.com rubiconproject.com sharethrough.com smartadserver.com themediagrid.com triplelift.com video.unrulymedia.com xandr.com
Buysellads,buysellads.com,14,37,amxrtb.com aps.amazon.com indexexchange.com media.net ogury.com onetag.com pubmatic.com risecodes.com seedtag.com sharethrough.com smartadserver.com themediagrid.com triplelift.com video.unrulymedia.com
Clean Media,cleanmedia.net,14,26,adyoulike.com amxrtb.com conversantmedia.com indexexchange.com media.net ogury.com openx.com pubmatic.com rubiconproject.com seedtag.com sharethrough.com smartadserver.com triplelift.com video.unrulymedia.com
Culture G,cultureg.eu,14,28,adform.com amxrtb.com gumgum.com ogury.com openx.com pubmatic.com risecodes.com rubiconproject.com seedtag.com sharethrough.com teads.tv themediagrid.com triplelift.com video.unrulymedia.com
DiDNA,didna.io,14,22,adyoulike.com amxrtb.com aps.amazon.com conversantmedia.com gumgum.com lijit.com media.net onetag.com pubmatic.com risecodes.com seedtag.com sharethrough.com smartadserver.com triplelift.com
"Geniee, Inc.",genieesspv.jp,14,29,appnexus.com aps.amazon.com indexexchange.com media.net ogury.com openx.com pubmatic.com rubiconproject.com sharethrough.com smaato.com smartadserver.com themediagrid.com video.unrulymedia.com xandr.com
Gitberry,gitberry.com,14,21,adyoulike.com appnexus.com conversantmedia.com improvedigital.com lijit.com loopme.com onetag.com pubmatic.com sharethrough.com smartadserver.com themediagrid.com triplelift.com video.unrulymedia.com xandr.com
IDM - INGENIERIE DIFFUSION MULTIMEDIA,idmgroup.com,14,22,appnexus.com conversantmedia.com indexexchange.com lijit.com nativo.com openx.com pubmatic.com rubiconproject.com sharethrough.com smartadserver.com teads.tv themediagrid.com triplelift.com xandr.com
IGNITE MEDIA TECH INC,ignitemediatech.com,14,15,conversantmedia.com freewheel.tv improvedigital.com lijit.com nativo.com onetag.com openx.com pubmatic.com risecodes.com rubiconproject.com sharethrough.com smaato.com smartadserver.com video.unrulymedia.com
IRONSOURCE MOBILE LTD,ironsrc.com,14,23,appnexus.com conversantmedia.com improvedigital.com indexexchange.com loopme.com media.net openx.com pubmatic.com rubiconproject.com sharethrough.com smaato.com smartadserver.com triplelift.com xandr.com
Inmobi,inmobi.com,14,27,adyoulike.com blis.com conversantmedia.com improvedigital.com lijit.com loopme.com pubmatic.com risecodes.com rubiconproject.com sharethrough.com smaato.com smartadserver.com triplelift.com video.unrulymedia.com
Jetlaging S.L.,revenuemaker.es,14,17,appnexus.com aps.amazon.com improvedigital.com lijit.com media.net onetag.com openx.com pubmatic.com rubiconproject.com seedtag.com sharethrough.com smartadserver.com themediagrid.com xandr.com
Mediaverse.ai LTD,mediaverse.ai,14,17,adyoulike.com appnexus.com improvedigital.com lijit.com loopme.com media.net onetag.com risecodes.com rubiconproject.com sharethrough.com smartadserver.com triplelift.com video.unrulymedia.com xandr.com
Nativo,nativo.com,14,16,adyoulike.com connatix.com contextweb.com conversantmedia.com inmobi.com loopme.com media.net openx.com pubmatic.com risecodes.com rubiconproject.com sharethrough.com smaato.com smartadserver.com
NoBid,nobid.io,14,18,adyoulike.com appnexus.com gumgum.com inmobi.com lijit.com media.net nativo.com onetag.com pubmatic.com sharethrough.com smartadserver.com undertone.com video.unrulymedia.com xandr.com
Odeeo,odeeo.io,14,19,adyoulike.com appnexus.com conversantmedia.com improvedigital.com lijit.com media.net pubmatic.com risecodes.com rubiconproject.com sharethrough.com smartadserver.com triplelift.com video.unrulymedia.com xandr.com
Optidigital,optidigital.com,14,16,amxrtb.com appnexus.com aps.amazon.com indexexchange.com kargo.com media.net ogury.com openx.com rubiconproject.com seedtag.com teads.tv themediagrid.com video.unrulymedia.com xandr.com
Premium Publicidade e Marketing LTDA,premiumads.com.br,14,15,appnexus.com aps.amazon.com connatix.com lijit.com media.net onetag.com pubmatic.com rubiconproject.com seedtag.com sharethrough.com smartadserver.com teads.tv triplelift.com xandr.com
RevIQ Inc.,rev.iq,14,15,aps.amazon.com connatix.com conversantmedia.com gumgum.com inmobi.com kargo.com lijit.com nativo.com onetag.com openx.com pubmatic.com risecodes.com seedtag.com triplelift.com
SelectMedia International Ltd,selectmedia.asia,14,22,adform.com adyoulike.com amxrtb.com aps.amazon.com conversantmedia.com freewheel.tv lijit.com onetag.com openx.com pubmatic.com rubiconproject.com sharethrough.com themediagrid.com triplelift.com
Semseoymas Online Marketing SL,semseoymas.com,14,17,adform.com amxrtb.com aps.amazon.com gumgum.com improvedigital.com ogury.com onetag.com pubmatic.com rubiconproject.com seedtag.com sharethrough.com smartadserver.com teads.tv triplelift.com
Start.IO,start.io,14,24,conversantmedia.com lijit.com loopme.com media.net nativo.com pubmatic.com risecodes.com rubiconproject.com sharethrough.com smaato.com smartadserver.com themediagrid.com triplelift.com video.unrulymedia.com
Unity,unity.com,14,19,adyoulike.com appnexus.com improvedigital.com lijit.com loopme.com media.net pubmatic.com rubiconproject.com sharethrough.com smaato.com smartadserver.com undertone.com video.unrulymedia.com xandr.com
"VLN Servicios Publicitarios Integrales, SL dba SunMedia",sunmedia.tv,14,20,adform.com adyoulike.com amxrtb.com appnexus.com aps.amazon.com improvedigital.com lijit.com onetag.com pubmatic.com rubiconproject.com sharethrough.com smartadserver.com themediagrid.com xandr.com
Valuad Advertising Technologies LTD [HB],valuad.io,14,14,adyoulike.com amxrtb.com appnexus.com aps.amazon.com conversantmedia.com lijit.com onetag.com openx.com rubiconproject.com sharethrough.com smartadserver.com themediagrid.com triplelift.com xandr.com
Vungle,vungle.com,14,17,improvedigital.com kargo.com lijit.com loopme.com media.net openx.com pubmatic.com risecodes.com rubiconproject.com sharethrough.com smaato.com smartadserver.com themediagrid.com video.unrulymedia.com
"Wurl, LLC",wurl.com,14,27,conversantmedia.com freewheel.tv gumgum.com indexexchange.com kargo.com loopme.com pubmatic.com risecodes.com seedtag.com sharethrough.com smartadserver.com teads.tv video.unrulymedia.com yieldmo.com
adWMG,adwmg.com,14,21,adform.com adyoulike.com amxrtb.com appnexus.com aps.amazon.com freewheel.tv media.net onetag.com pubmatic.com sharethrough.com smartadserver.com themediagrid.com video.unrulymedia.com xandr.com
adops.com,adops.com,14,35,amxrtb.com appnexus.com conversantmedia.com kargo.com openx.com pubmatic.com rubiconproject.com seedtag.com sharethrough.com smartadserver.com triplelift.com video.unrulymedia.com xandr.com yieldmo.com
"fluct, Inc.",adingo.jp,14,25,appnexus.com aps.amazon.com gumgum.com indexexchange.com media.net ogury.com openx.com pubmatic.com rubiconproject.com sharethrough.com smartadserver.com themediagrid.com video.unrulymedia.com xandr.com
glomex GmbH,glomex.com,14,20,adform.com appnexus.com aps.amazon.com gumgum.com improvedigital.com indexexchange.com inmobi.com pubmatic.com rubiconproject.com sharethrough.com smartadserver.com themediagrid.com triplelift.com xandr.com
152Media,152media.info,13,18,amxrtb.com appnexus.com aps.amazon.com conversantmedia.com lijit.com media.net onetag.com pubmatic.com seedtag.com sharethrough.com teads.tv triplelift.com xandr.com
Aceex,aceex.io,13,13,adform.com adyoulike.com appnexus.com connatix.com conversantmedia.com improvedigital.com lijit.com media.net onetag.com themediagrid.com triplelift.com video.unrulymedia.com xandr.com
AdKaora srl,adkaora.com,13,20,adform.com amxrtb.com appnexus.com aps.amazon.com indexexchange.com onetag.com openx.com pubmatic.com rubiconproject.com sharethrough.com smartadserver.com themediagrid.com xandr.com
Adagio,adagio.io,13,19,adform.com freewheel.tv improvedigital.com lijit.com onetag.com openx.com pubmatic.com rubiconproject.com sharethrough.com smartadserver.com themediagrid.com triplelift.com video.unrulymedia.com
Admixer,admixer.com,13,16,adyoulike.com appnexus.com conversantmedia.com gumgum.com improvedigital.com lijit.com loopme.com pubmatic.com risecodes.com seedtag.com sharethrough.com smartadserver.com xandr.com
Adpone SL,adpone.com,13,15,adform.com appnexus.com aps.amazon.com conversantmedia.com improvedigital.com lijit.com onetag.com pubmatic.com rubiconproject.com sharethrough.com smartadserver.com themediagrid.com xandr.com
Amazon UAM,aps.amazon.com,13,25,adyoulike.com aps.amazon.com gumgum.com improvedigital.com indexexchange.com kargo.com lijit.com nativo.com onetag.com sharethrough.com smartadserver.com video.unrulymedia.com yahoo.com
AppLovin,applovin.com,13,20,adyoulike.com improvedigital.com indexexchange.com lijit.com loopme.com media.net openx.com pubmatic.com risecodes.com rubiconproject.com sharethrough.com smartadserver.com themediagrid.com
Boldwin LTD.,bold-win.com,13,14,adform.com appnexus.com conversantmedia.com gumgum.com lijit.com nativo.com onetag.com sharethrough.com smaato.com smartadserver.com triplelift.com video.unrulymedia.com xandr.com
Bright Mountain Media,brightmountainmedia.com,13,22,adyoulike.com amxrtb.com conversantmedia.com freewheel.tv gumgum.com improvedigital.com lijit.com media.net nativo.com pubmatic.com seedtag.com sharethrough.com smartadserver.com
CastifyLtd,castify.ai,13,29,conversantmedia.com freewheel.tv gumgum.com improvedigital.com lijit.com media.net onetag.com rubiconproject.com sharethrough.com smartadserver.com themediagrid.com triplelift.com video.unrulymedia.com
Connekt.ai,connekt.ai,13,24,appnexus.com connatix.com conversantmedia.com improvedigital.com lijit.com pubmatic.com sharethrough.com smaato.com smartadserver.com themediagrid.com triplelift.com video.unrulymedia.com xandr.com
Digital Green SL,digitalgreen.es,13,17,adform.com amxrtb.com freewheel.tv improvedigital.com lijit.com media.net ogury.com onetag.com rubiconproject.com seedtag.com sharethrough.com smaato.com smartadserver.com
EADV S.R.L.,eadv.it,13,17,adform.com amxrtb.com freewheel.tv improvedigital.com lijit.com ogury.com openx.com seedtag.com sharethrough.com smartadserver.com teads.tv themediagrid.com video.unrulymedia.com
Flux G,flux-g.com,13,15,amxrtb.com aps.amazon.com connatix.com gumgum.com indexexchange.com inmobi.com ogury.com pubmatic.com rubiconproject.com sharethrough.com smartadserver.com themediagrid.com video.unrulymedia.com
Interplay Media Pty Ltd,interplaymedia.com.au,13,18,adform.com appnexus.com aps.amazon.com gumgum.com indexexchange.com kargo.com ogury.com openx.com pubmatic.com seedtag.com teads.tv themediagrid.com xandr.com
Krushmedia,krushmedia.com,13,19,adyoulike.com connatix.com conversantmedia.com freewheel.tv improvedigital.com lijit.com loopme.com media.net onetag.com sharethrough.com smaato.com smartadserver.com video.unrulymedia.com
MediaNet,media.net,13,18,adyoulike.com conversantmedia.com improvedigital.com lijit.com loopme.com onetag.com openx.com pubmatic.com rubiconproject.com sharethrough.com smaato.com smartadserver.com video.unrulymedia.com
Onomagic,onomagic.com,13,17,adform.com adyoulike.com amxrtb.com appnexus.com conversantmedia.com improvedigital.com lijit.com onetag.com pubmatic.com rubiconproject.com sharethrough.com smartadserver.com xandr.com
"OrkaTV, Inc.",orka.tv,13,20,appnexus.com connatix.com conversantmedia.com freewheel.tv gumgum.com lijit.com media.net pubmatic.com sharethrough.com smartadserver.com video.unrulymedia.com xandr.com yieldmo.com
"Performax.cz, s.r.o.",performax.cz,13,14,adform.com appnexus.com improvedigital.com indexexchange.com onetag.com openx.com pubmatic.com rubiconproject.com sharethrough.com smartadserver.com teads.tv themediagrid.com xandr.com
Pubfinity LLC,pubfinity.com,13,14,appnexus.com conversantmedia.com lijit.com media.net nativo.com openx.com pubmatic.com sharethrough.com smartadserver.com themediagrid.com triplelift.com video.unrulymedia.com xandr.com
Rb2b,r2b2.cz,13,17,amxrtb.com appnexus.com aps.amazon.com improvedigital.com indexexchange.com ogury.com onetag.com pubmatic.com rubiconproject.com sharethrough.com smartadserver.com themediagrid.com xandr.com
SKALDEN MEDIA e.U.,skalden-media.de,13,18,appnexus.com aps.amazon.com gumgum.com improvedigital.com lijit.com ogury.com rubiconproject.com seedtag.com sharethrough.com smartadserver.com triplelift.com video.unrulymedia.com xandr.com
ShowHeroes S.R.L.,viralize.com,13,22,adform.com appnexus.com aps.amazon.com conversantmedia.com gumgum.com improvedigital.com openx.com pubmatic.com rubiconproject.com sharethrough.com smartadserver.com themediagrid.com xandr.com
33across,33across.com,12,25,adyoulike.com appnexus.com contextweb.com conversantmedia.com openx.com pubmatic.com rubiconproject.com sharethrough.com smartadserver.com triplelift.com video.unrulymedia.com xandr.com
4strokemedia S.r.l.,4strokemedia.com,12,13,adform.com appnexus.com aps.amazon.com improvedigital.com indexexchange.com onetag.com pubmatic.com rubiconproject.com sharethrough.com smartadserver.com themediagrid.com xandr.com
Anphonic FZ LLC,alchemyx.io,12,15,amxrtb.com appnexus.com aps.amazon.com onetag.com pubmatic.com rubiconproject.com seedtag.com sharethrough.com smartadserver.com teads.tv themediagrid.com xandr.com
Appstock LTD,app-stock.com,12,14,adform.com adyoulike.com conversantmedia.com improvedigital.com lijit.com media.net nativo.com openx.com rubiconproject.com sharethrough.com smartadserver.com triplelift.com
B3 Connect LLC 2,fanserv.com,12,17,appnexus.com conversantmedia.com freewheel.tv lijit.com loopme.com pubmatic.com seedtag.com sharethrough.com smartadserver.com triplelift.com video.unrulymedia.com xandr.com
Bliink,bliink.io,12,12,adyoulike.com appnexus.com improvedigital.com loopme.com onetag.com pubmatic.com rubiconproject.com sharethrough.com smartadserver.com themediagrid.com video.unrulymedia.com xandr.com
Dorvan Srl,dorvan.it,12,13,adform.com amxrtb.com appnexus.com aps.amazon.com indexexchange.com ogury.com onetag.com openx.com rubiconproject.com sharethrough.com smartadserver.com xandr.com
Enthusiast Gaming,enthusiastgaming.com,12,15,amxrtb.com appnexus.com aps.amazon.com conversantmedia.com media.net openx.com pubmatic.com rubiconproject.com sharethrough.com smartadserver.com triplelift.com xandr.com
FourM Inc.,fourm.jp,12,15,aps.amazon.com indexexchange.com ogury.com openx.com pubmatic.com rubiconproject.com sharethrough.com smartadserver.com teads.tv themediagrid.com triplelift.com video.unrulymedia.com
Glewed Media LLC,glewed.tv,12,19,connatix.com conversantmedia.com freewheel.tv indexexchange.com lijit.com pubmatic.com seedtag.com sharethrough.com smaato.com teads.tv triplelift.com video.unrulymedia.com
Investing Channel,investingchannel.com,12,20,amxrtb.com appnexus.com improvedigital.com indexexchange.com media.net onetag.com openx.com pubmatic.com rubiconproject.com sharethrough.com smartadserver.com xandr.com
Iq Digital Media Marketing GmbH,iqdigital.de,12,26,adform.com appnexus.com aps.amazon.com gumgum.com ogury.com pubmatic.com rubiconproject.com seedtag.com sharethrough.com smartadserver.com triplelift.com xandr.com
Luna Media,lunamedia.io,12,23,adyoulike.com amxrtb.com conversantmedia.com freewheel.tv lijit.com media.net pubmatic.com rubiconproject.com sharethrough.com smartadserver.com themediagrid.com triplelift.com
Maxetise [OW],maxetise.se,12,13,adyoulike.com amxrtb.com appnexus.com aps.amazon.com improvedigital.com indexexchange.com kargo.com pubmatic.com sharethrough.com smartadserver.com themediagrid.com xandr.com
Missena,missena.com,12,12,adyoulike.com amxrtb.com appnexus.com improvedigital.com onetag.com pubmatic.com rubiconproject.com sharethrough.com smartadserver.com themediagrid.com triplelift.com xandr.com
Moving Up s.r.l.,movingup.it,12,15,aps.amazon.com gumgum.com improvedigital.com lijit.com ogury.com rubiconproject.com seedtag.com sharethrough.com smartadserver.com teads.tv themediagrid.com triplelift.com
Netpoint Media GmbH,netpoint-media.de,12,16,appnexus.com freewheel.tv improvedigital.com lijit.com openx.com pubmatic.com rubiconproject.com sharethrough.com smartadserver.com teads.tv video.unrulymedia.com xandr.com
Next Media S.r.l,next14.com,12,18,adform.com appnexus.com aps.amazon.com improvedigital.com indexexchange.com ogury.com rubiconproject.com sharethrough.com smartadserver.com themediagrid.com triplelift.com xandr.com
OKO,oko.uk,12,15,amxrtb.com appnexus.com aps.amazon.com conversantmedia.com lijit.com pubmatic.com rubiconproject.com sharethrough.com smartadserver.com themediagrid.com video.unrulymedia.com xandr.com
OneDSP_Audienzz,audienzz.com,12,13,adform.com amxrtb.com appnexus.com gumgum.com improvedigital.com indexexchange.com onetag.com pubmatic.com rubiconproject.com seedtag.com themediagrid.com xandr.com
Optima Network,optimanetwork.com,12,12,adyoulike.com amxrtb.com conversantmedia.com gumgum.com lijit.com ogury.com onetag.com pubmatic.com seedtag.com teads.tv themediagrid.com video.unrulymedia.com
Outbrain Inc.,outbrain.com,12,17,appnexus.com freewheel.tv improvedigital.com indexexchange.com loopme.com openx.com pubmatic.com rubiconproject.com sharethrough.com smartadserver.com video.unrulymedia.com xandr.com
Piemme S.P.A. Concessionaria di Pubblicità,piemmemedia.it,12,17,adform.com amxrtb.com aps.amazon.com blis.com indexexchange.com ogury.com onetag.com pubmatic.com rubiconproject.com seedtag.com sharethrough.com smartadserver.com
PubPower,pubpower.io,12,16,amxrtb.com appnexus.com aps.amazon.com lijit.com onetag.com pubmatic.com sharethrough.com smaato.com smartadserver.com teads.tv triplelift.com xandr.com
Pubmax,pubmax.com,12,13,amxrtb.com appnexus.com lijit.com media.net openx.com pubmatic.com risecodes.com rubiconproject.com sharethrough.com smartadserver.com video.unrulymedia.com xandr.com
SIBBO VENTURES SLU,sibboventures.com,12,15,appnexus.com aps.amazon.com freewheel.tv improvedigital.com lijit.com ogury.com rubiconproject.com seedtag.com sharethrough.com smartadserver.com teads.tv xandr.com
SmartAdserver SSP Banner,smartadserver.com,12,17,adyoulike.com appnexus.com contextweb.com improvedigital.com loopme.com openx.com pubmatic.com rubiconproject.com sharethrough.com smaato.com themediagrid.com xandr.com
Sortable,sortable.com,12,15,amxrtb.com appnexus.com aps.amazon.com gumgum.com lijit.com pubmatic.com rubiconproject.com sharethrough.com smartadserver.com triplelift.com xandr.com yieldmo.com
Stailamedia,stailamedia.com,12,12,adform.com appnexus.com improvedigital.com inmobi.com onetag.com pubmatic.com risecodes.com rubiconproject.com sharethrough.com smartadserver.com video.unrulymedia.com xandr.com
TargetVideo GmbH,target-video.com,12,22,adform.com appnexus.com aps.amazon.com freewheel.tv improvedigital.com pubmatic.com rubiconproject.com sharethrough.com smartadserver.com triplelift.com video.unrulymedia.com xandr.com
Taurusx,taurusx.com,12,15,adyoulike.com appnexus.com conversantmedia.com improvedigital.com lijit.com onetag.com openx.com pubmatic.com risecodes.com rubiconproject.com video.unrulymedia.com xandr.com
Trade House Media,tradehouse.media,12,19,appnexus.com indexexchange.com inmobi.com nativo.com ogury.com openx.com pubmatic.com rubiconproject.com sharethrough.com smartadserver.com triplelift.com xandr.com
Truvid,truvid.com,12,16,adform.com adyoulike.com appnexus.com improvedigital.com lijit.com onetag.com pubmatic.com rubiconproject.com sharethrough.com smartadserver.com video.unrulymedia.com xandr.com
Twist web,twist.win,12,22,adyoulike.com amxrtb.com conversantmedia.com freewheel.tv lijit.com loopme.com onetag.com sharethrough.com smartadserver.com themediagrid.com triplelift.com video.unrulymedia.com
ADSOLUT TECHNOLOGY SERVICES,playstream.media,11,20,appnexus.com aps.amazon.com freewheel.tv openx.com pubmatic.com rubiconproject.com sharethrough.com smartadserver.com themediagrid.com video.unrulymedia.com xandr.com
Ad Alliance GmbH,ad-alliance.de,11,12,appnexus.com aps.amazon.com gumgum.com improvedigital.com indexexchange.com pubmatic.com seedtag.com sharethrough.com smartadserver.com themediagrid.com xandr.com
Admaru,admaru.com,11,15,aps.amazon.com conversantmedia.com inmobi.com onetag.com openx.com pubmatic.com rubiconproject.com smaato.com themediagrid.com triplelift.com video.unrulymedia.com
Adweb Ltd Monetize,adweb.gr,11,16,appnexus.com connatix.com improvedigital.com lijit.com onetag.com pubmatic.com rubiconproject.com sharethrough.com smartadserver.com triplelift.com xandr.com
Affinity [HB],affinity.com,11,13,adyoulike.com appnexus.com conversantmedia.com lijit.com onetag.com pubmatic.com rubiconproject.com sharethrough.com smartadserver.com teads.tv xandr.com
Azerion Technology B.V.,theplacetobid.fr,11,11,adyoulike.com appnexus.com aps.amazon.com gumgum.com improvedigital.com indexexchange.com pubmatic.com rubiconproject.com sharethrough.com smartadserver.com xandr.com
Bidstream Media,bidstreammedia.com,11,11,amxrtb.com appnexus.com lijit.com onetag.com pubmatic.com risecodes.com rubiconproject.com sharethrough.com smartadserver.com video.unrulymedia.com xandr.com
Blueseasx,blueseasx.com,11,13,adyoulike.com improvedigital.com lijit.com nativo.com onetag.com pubmatic.com risecodes.com rubiconproject.com smaato.com triplelift.com video.unrulymedia.com
Carbonatix LTD,carbonatix.com,11,15,appnexus.com conversantmedia.com freewheel.tv improvedigital.com loopme.com media.net ogury.com sharethrough.com smaato.com smartadserver.com xandr.com
DMG Media (US),dmgmedia.co.uk,11,11,appnexus.com aps.amazon.com blis.com gumgum.com openx.com pubmatic.com themediagrid.com undertone.com xandr.com yahoo.com yieldmo.com
Flower Ads,flower-ads.com,11,16,appnexus.com improvedigital.com media.net openx.com pubmatic.com seedtag.com sharethrough.com smartadserver.com triplelift.com video.unrulymedia.com xandr.com
Growintech,growintech.co,11,12,adyoulike.com appnexus.com conversantmedia.com improvedigital.com lijit.com rubiconproject.com sharethrough.com smartadserver.com triplelift.com video.unrulymedia.com xandr.com
GumGum,gumgum.com,11,13,contextweb.com conversantmedia.com gumgum.com improvedigital.com loopme.com onetag.com openx.com pubmatic.com rubiconproject.com sharethrough.com smartadserver.com
Holid AB,holid.io,11,15,adform.com amxrtb.com appnexus.com aps.amazon.com improvedigital.com media.net pubmatic.com rubiconproject.com themediagrid.com video.unrulymedia.com xandr.com
IndiCue Inc,indicue.com,11,13,connatix.com conversantmedia.com freewheel.tv improvedigital.com inmobi.com lijit.com media.net pubmatic.com sharethrough.com smartadserver.com video.unrulymedia.com
KUANTYX MEDIA LIMITED,kntxy.com,11,11,adyoulike.com amxrtb.com appnexus.com inmobi.com lijit.com onetag.com pubmatic.com sharethrough.com smartadserver.com video.unrulymedia.com xandr.com
Moneytag,moneytag.fr,11,12,adform.com adyoulike.com amxrtb.com improvedigital.com rubiconproject.com seedtag.com sharethrough.com smartadserver.com teads.tv themediagrid.com triplelift.com
MyCAST,my-cast.tv,11,18,adyoulike.com amxrtb.com freewheel.tv improvedigital.com lijit.com onetag.com sharethrough.com smartadserver.com themediagrid.com triplelift.com video.unrulymedia.com
OneFootball GmbH,onefootball.com,11,20,adform.com aps.amazon.com connatix.com freewheel.tv indexexchange.com pubmatic.com rubiconproject.com sharethrough.com smartadserver.com triplelift.com video.unrulymedia.com
PGAM Media,pgammedia.com,11,13,adyoulike.com amxrtb.com lijit.com loopme.com onetag.com risecodes.com rubiconproject.com sharethrough.com smaato.com themediagrid.com video.unrulymedia.com
SAS MEDIA SQUARE,mediasquare.fr,11,16,adform.com adyoulike.com amxrtb.com appnexus.com pubmatic.com rubiconproject.com sharethrough.com smartadserver.com themediagrid.com triplelift.com xandr.com
Trusted Stack,trustedstack.com,11,16,amxrtb.com conversantmedia.com lijit.com media.net onetag.com pubmatic.com rubiconproject.com sharethrough.com smartadserver.com video.unrulymedia.com yieldmo.com
Video Intelligence,vi.ai,11,15,adform.com aps.amazon.com freewheel.tv lijit.com media.net openx.com pubmatic.com sharethrough.com smartadserver.com themediagrid.com triplelift.com
Yieldmo,yieldmo.com,11,11,adyoulike.com appnexus.com contextweb.com loopme.com openx.com pubmatic.com rubiconproject.com sharethrough.com smartadserver.com video.unrulymedia.com xandr.com
optAd360 Sp. z o.o.,optad360.com,11,11,adform.com conversantmedia.com lijit.com ogury.com onetag.com openx.com pubmatic.com rubiconproject.com sharethrough.com smartadserver.com teads.tv
"“Sellwild” (DBA of Antengo,  Inc.)",sellwild.com,11,12,appnexus.com conversantmedia.com inmobi.com onetag.com pubmatic.com rubiconproject.com sharethrough.com smaato.com smartadserver.com video.unrulymedia.com xandr.com
AdElement Vast Inc,adelement.com,10,15,conversantmedia.com freewheel.tv improvedigital.com lijit.com loopme.com media.net onetag.com pubmatic.com triplelift.com video.unrulymedia.com
AddApptr GmbH,gravite.net,10,13,improvedigital.com inmobi.com media.net nativo.com onetag.com pubmatic.com smaato.com teads.tv triplelift.com video.unrulymedia.com
Addapptr,addapptr.com,10,10,adyoulike.com appnexus.com improvedigital.com ogury.com openx.com sharethrough.com smaato.com smartadserver.com themediagrid.com xandr.com
Adipolo_Adform,adipolo.com,10,15,adform.com adyoulike.com amxrtb.com aps.amazon.com connatix.com conversantmedia.com freewheel.tv improvedigital.com onetag.com seedtag.com
Adorphic FZ-LLC,adorphic.com,10,12,improvedigital.com lijit.com media.net onetag.com pubmatic.com risecodes.com sharethrough.com smartadserver.com themediagrid.com triplelift.com
Adsmovil USA,adsmovil.com,10,13,appnexus.com lijit.com onetag.com openx.com pubmatic.com sharethrough.com smartadserver.com triplelift.com video.unrulymedia.com xandr.com
Audioboost,audioboost.com,10,13,adyoulike.com appnexus.com improvedigital.com onetag.com rubiconproject.com sharethrough.com smartadserver.com teads.tv themediagrid.com xandr.com
Axis Marketplace,axis-marketplace.com,10,13,adyoulike.com conversantmedia.com freewheel.tv improvedigital.com lijit.com onetag.com pubmatic.com rubiconproject.com sharethrough.com smartadserver.com
Azerion,azerion.com,10,32,freewheel.tv gumgum.com improvedigital.com lijit.com media.net seedtag.com teads.tv themediagrid.com triplelift.com video.unrulymedia.com
BetweenX,betweendigital.com,10,12,adyoulike.com conversantmedia.com improvedigital.com lijit.com onetag.com risecodes.com sharethrough.com smartadserver.com themediagrid.com video.unrulymedia.com
ChartBoost,chartboost.com,10,11,adyoulike.com improvedigital.com lijit.com loopme.com openx.com pubmatic.com rubiconproject.com smaato.com themediagrid.com video.unrulymedia.com
Evolution ADV srl,evolutionadv.it,10,12,aps.amazon.com indexexchange.com ogury.com onetag.com pubmatic.com rubiconproject.com seedtag.com sharethrough.com smartadserver.com themediagrid.com
Ex.co,ex.co,10,17,amxrtb.com aps.amazon.com freewheel.tv indexexchange.com lijit.com nativo.com pubmatic.com risecodes.com sharethrough.com smartadserver.com
Gemius Research SRL,gemius.com,10,10,adform.com appnexus.com pubmatic.com rubiconproject.com seedtag.com sharethrough.com smartadserver.com themediagrid.com triplelift.com xandr.com
HEYMATIC S.R.L.,heymatic.com,10,11,appnexus.com aps.amazon.com indexexchange.com onetag.com seedtag.com sharethrough.com smartadserver.com teads.tv themediagrid.com xandr.com
Hoopla Digital Limited,hoopladigital.co.uk,10,10,appnexus.com aps.amazon.com improvedigital.com lijit.com ogury.com rubiconproject.com sharethrough.com smartadserver.com themediagrid.com xandr.com
Improve Media Oy,improvemedia.fi,10,11,adform.com amxrtb.com appnexus.com improvedigital.com indexexchange.com lijit.com pubmatic.com rubiconproject.com themediagrid.com xandr.com
K-words SAS,k-words.io,10,10,appnexus.com loopme.com media.net onetag.com pubmatic.com rubiconproject.com sharethrough.com smartadserver.com themediagrid.com xandr.com
Latinon Inc,latinon.com,10,11,appnexus.com connatix.com media.net onetag.com pubmatic.com rubiconproject.com sharethrough.com smartadserver.com triplelift.com xandr.com
Lemma Technologies,lemmatechnologies.com,10,19,adyoulike.com connatix.com conversantmedia.com freewheel.tv lijit.com media.net pubmatic.com sharethrough.com smartadserver.com video.unrulymedia.com
MEMBRANA EUROPE B.V.,membrana-media.com,10,12,adform.com aps.amazon.com lijit.com media.net onetag.com pubmatic.com rubiconproject.com sharethrough.com smartadserver.com themediagrid.com
Media Impact GmbH & Co. KG,mediaimpact.de,10,16,adform.com appnexus.com indexexchange.com openx.com pubmatic.com rubiconproject.com sharethrough.com smartadserver.com themediagrid.com xandr.com
Net Media Click,netmediaclick.it,10,10,amxrtb.com improvedigital.com ogury.com onetag.com pubmatic.com rubiconproject.com seedtag.com sharethrough.com smartadserver.com themediagrid.com
OMG Studios Ltd,omgstudios.com,10,13,amxrtb.com conversantmedia.com improvedigital.com lijit.com loopme.com media.net onetag.com pubmatic.com sharethrough.com themediagrid.com
Pubbliemme,pubbliemmegroup.it,10,14,freewheel.tv improvedigital.com indexexchange.com ogury.com onetag.com rubiconproject.com seedtag.com sharethrough.com smartadserver.com teads.tv
Sales Contact Kft,adaptivemedia.hu,10,10,adform.com appnexus.com indexexchange.com lijit.com pubmatic.com rubiconproject.com sharethrough.com smartadserver.com teads.tv xandr.com
"Smartclip Hispania, SL",smartclipspain.com,10,10,appnexus.com indexexchange.com media.net ogury.com onetag.com pubmatic.com sharethrough.com smartadserver.com themediagrid.com xandr.com
Snackable Media LLC,adgrid.io,10,10,appnexus.com nativo.com onetag.com pubmatic.com rubiconproject.com sharethrough.com smaato.com smartadserver.com triplelift.com xandr.com
Softonic,softonic.com,10,20,amxrtb.com appnexus.com aps.amazon.com connatix.com improvedigital.com indexexchange.com media.net openx.com triplelift.com xandr.com
Solution AS,solution.no,10,11,adform.com amxrtb.com appnexus.com improvedigital.com pubmatic.com rubiconproject.com sharethrough.com smartadserver.com triplelift.com xandr.com
Sovrn,lijit.com,10,15,blis.com conversantmedia.com improvedigital.com openx.com pubmatic.com rubiconproject.com sharethrough.com smaato.com smartadserver.com video.unrulymedia.com
Springserve,springserve.com,10,14,gumgum.com kargo.com lijit.com loopme.com media.net openx.com pubmatic.com rubiconproject.com sharethrough.com teads.tv
TCL,tcl.com,10,12,freewheel.tv loopme.com seedtag.com sharethrough.com smartadserver.com teads.tv themediagrid.com triplelift.com video.unrulymedia.com yieldmo.com
TVIQ LLC,tviq.io,10,14,connatix.com conversantmedia.com lijit.com loopme.com media.net nativo.com risecodes.com sharethrough.com smartadserver.com triplelift.com
Take 1 Ads,take1ads.com,10,17,amxrtb.com connatix.com conversantmedia.com improvedigital.com lijit.com loopme.com openx.com pubmatic.com sharethrough.com smartadserver.com
Telly Inc.,telly.com,10,10,appnexus.com connatix.com freewheel.tv gumgum.com indexexchange.com media.net sharethrough.com triplelift.com video.unrulymedia.com xandr.com
Triple13 Ltd,triple13.io,10,13,adform.com amxrtb.com appnexus.com aps.amazon.com lijit.com media.net openx.com pubmatic.com rubiconproject.com xandr.com
Viads,viads.com,10,12,amxrtb.com conversantmedia.com improvedigital.com loopme.com onetag.com pubmatic.com rubiconproject.com sharethrough.com smartadserver.com video.unrulymedia.com
VidCrunch,vidcrunch.com,10,14,adyoulike.com aps.amazon.com conversantmedia.com freewheel.tv improvedigital.com inmobi.com seedtag.com sharethrough.com smartadserver.com video.unrulymedia.com
366SAS,366.fr,9,62,freewheel.tv indexexchange.com ogury.com pubmatic.com rubiconproject.com sharethrough.com smartadserver.com themediagrid.com triplelift.com
47Samurai Inc,47samurai.com,9,17,connatix.com freewheel.tv indexexchange.com lijit.com openx.com pubmatic.com sharethrough.com smartadserver.com video.unrulymedia.com
AAX,aax.media,9,12,adyoulike.com amxrtb.com indexexchange.com onetag.com openx.com pubmatic.com rubiconproject.com sharethrough.com smartadserver.com
AdBridg Inc.,adbridg.com,9,9,appnexus.com gumgum.com kargo.com nativo.com onetag.com pubmatic.com rubiconproject.com seedtag.com xandr.com
AdInMo Ltd,adinmo.com,9,14,adform.com freewheel.tv improvedigital.com lijit.com loopme.com openx.com pubmatic.com sharethrough.com smartadserver.com
AdView,adview.com,9,9,conversantmedia.com inmobi.com loopme.com onetag.com openx.com pubmatic.com sharethrough.com smartadserver.com video.unrulymedia.com
Adsolut Media,adsolut.in,9,10,adyoulike.com amxrtb.com inmobi.com kargo.com lijit.com pubmatic.com sharethrough.com smartadserver.com teads.tv
Adverge.Ai,adverge.ai,9,9,amxrtb.com conversantmedia.com lijit.com media.net ogury.com onetag.com sharethrough.com smartadserver.com video.unrulymedia.com
Alright Comunicacao e Midia Ltda,alright.com.br,9,9,aps.amazon.com connatix.com onetag.com pubmatic.com rubiconproject.com seedtag.com sharethrough.com smartadserver.com teads.tv
Altura,alturaadvertising.com,9,13,adyoulike.com aps.amazon.com ogury.com onetag.com pubmatic.com risecodes.com seedtag.com sharethrough.com smartadserver.com
"American Hometown Media, Inc.",americanhometownmedia.com,9,12,aps.amazon.com lijit.com media.net nativo.com pubmatic.com rubiconproject.com sharethrough.com smartadserver.com triplelift.com
Auth Consulting Limited t/a Shinka,shinka.io,9,9,appnexus.com inmobi.com loopme.com onetag.com rubiconproject.com sharethrough.com smartadserver.com video.unrulymedia.com xandr.com
Azberry BV,azberry.com,9,11,adform.com adyoulike.com appnexus.com conversantmedia.com pubmatic.com sharethrough.com smartadserver.com triplelift.com xandr.com
Azerion Technology B.V. (FMS),mmedia.nl,9,11,adform.com appnexus.com aps.amazon.com gumgum.com improvedigital.com ogury.com pubmatic.com triplelift.com xandr.com
Balloon Labs LLC,balloonlabs.ai,9,14,appnexus.com conversantmedia.com improvedigital.com lijit.com sharethrough.com smartadserver.com themediagrid.com triplelift.com xandr.com
Benefit Programmatic Media LTD,benefit.media,9,10,conversantmedia.com lijit.com loopme.com media.net nativo.com onetag.com sharethrough.com smartadserver.com video.unrulymedia.com
Bidgency Group,bidgx.com,9,9,adform.com adyoulike.com amxrtb.com lijit.com onetag.com risecodes.com rubiconproject.com themediagrid.com triplelift.com
CAN [HB],can-digital.net,9,10,adyoulike.com aps.amazon.com indexexchange.com kargo.com onetag.com rubiconproject.com seedtag.com sharethrough.com smartadserver.com
CIQ,contentiq.com,9,38,adyoulike.com appnexus.com aps.amazon.com lijit.com pubmatic.com sharethrough.com smartadserver.com triplelift.com xandr.com
Contxtful,contxtful.com,9,12,amxrtb.com lijit.com pubmatic.com risecodes.com rubiconproject.com sharethrough.com smaato.com smartadserver.com video.unrulymedia.com
DANDO,singularads.com,9,10,adform.com adyoulike.com appnexus.com improvedigital.com lijit.com onetag.com sharethrough.com smartadserver.com xandr.com
DENAKOP DIGITAL MEDIA LLC,denakop.com,9,9,appnexus.com aps.amazon.com onetag.com rubiconproject.com seedtag.com sharethrough.com smartadserver.com teads.tv xandr.com
Datawrkz,datawrkz.com,9,10,amxrtb.com appnexus.com onetag.com openx.com pubmatic.com rubiconproject.com sharethrough.com smartadserver.com xandr.com
Dexerto,dexerto.com,9,9,amxrtb.com improvedigital.com pubmatic.com risecodes.com sharethrough.com smaato.com smartadserver.com triplelift.com video.unrulymedia.com
Digital Turbine,digitalturbine.com,9,16,adyoulike.com media.net onetag.com openx.com pubmatic.com risecodes.com sharethrough.com smartadserver.com video.unrulymedia.com
EmbiMedia,embi-media.com,9,10,amxrtb.com aps.amazon.com onetag.com rubiconproject.com seedtag.com sharethrough.com smartadserver.com teads.tv triplelift.com
Fast TV,fasttvltd.com,9,10,adyoulike.com connatix.com freewheel.tv improvedigital.com lijit.com loopme.com sharethrough.com smartadserver.com teads.tv
FireArc Technologies Ltd,carambo.la,9,20,aps.amazon.com lijit.com ogury.com onetag.com openx.com pubmatic.com risecodes.com sharethrough.com smartadserver.com
Frankly Media,franklymedia.com,9,12,amxrtb.com aps.amazon.com indexexchange.com media.net pubmatic.com sharethrough.com smartadserver.com themediagrid.com triplelift.com
Fyber,fyber.com,9,13,blis.com improvedigital.com indexexchange.com loopme.com pubmatic.com rubiconproject.com sharethrough.com smaato.com undertone.com
Goldvertise Media GmbH,goldvertise.com,9,10,freewheel.tv improvedigital.com indexexchange.com pubmatic.com rubiconproject.com seedtag.com sharethrough.com smartadserver.com video.unrulymedia.com
Holywell S.A,awg.la,9,15,conversantmedia.com lijit.com loopme.com pubmatic.com sharethrough.com smartadserver.com teads.tv triplelift.com video.unrulymedia.com
Hubvisor,hubvisor.io,9,26,adyoulike.com appnexus.com aps.amazon.com conversantmedia.com onetag.com pubmatic.com seedtag.com triplelift.com xandr.com
Jungle Technology,thejungletechnology.com,9,9,conversantmedia.com improvedigital.com media.net ogury.com onetag.com sharethrough.com smartadserver.com triplelift.com video.unrulymedia.com
KStA Digitale Medien GmbH & Co. KG,kstamedien.de,9,11,appnexus.com aps.amazon.com improvedigital.com indexexchange.com pubmatic.com seedtag.com sharethrough.com smartadserver.com xandr.com
Lupon Media LTD,luponmedia.com,9,9,adform.com adyoulike.com amxrtb.com lijit.com ogury.com onetag.com rubiconproject.com seedtag.com themediagrid.com
METAX SOFTWARE PTE. LTD.,metaxsoft.com,9,18,appnexus.com conversantmedia.com freewheel.tv loopme.com pubmatic.com sharethrough.com smartadserver.com video.unrulymedia.com xandr.com
Madvertise France,madvertise.com,9,18,appnexus.com aps.amazon.com improvedigital.com loopme.com rubiconproject.com sharethrough.com smartadserver.com themediagrid.com xandr.com
Markapp Media,markappmedia.site,9,11,adform.com appnexus.com freewheel.tv lijit.com sharethrough.com smartadserver.com triplelift.com video.unrulymedia.com xandr.com
Minute.ly,minute-ly.com,9,16,freewheel.tv media.net pubmatic.com rubiconproject.com sharethrough.com smaato.com smartadserver.com triplelift.com video.unrulymedia.com
MyFeature Inc,myfeature.tv,9,9,adyoulike.com connatix.com conversantmedia.com improvedigital.com inmobi.com lijit.com media.net rubiconproject.com video.unrulymedia.com
OneTag Limited,onetag.com,9,13,appnexus.com conversantmedia.com freewheel.tv pubmatic.com rubiconproject.com sharethrough.com smartadserver.com video.unrulymedia.com xandr.com
PWR Global Media,pwr-games.com,9,12,conversantmedia.com freewheel.tv lijit.com loopme.com media.net nativo.com sharethrough.com smartadserver.com triplelift.com
Phaistos Networks,phaistosnetworks.gr,9,10,adform.com indexexchange.com lijit.com openx.com pubmatic.com rubiconproject.com sharethrough.com smartadserver.com video.unrulymedia.com
Presscomm Tech SRL,presscommtech.com,9,9,improvedigital.com inmobi.com ogury.com rubiconproject.com seedtag.com sharethrough.com smartadserver.com teads.tv themediagrid.com
Proad,proad.se,9,9,amxrtb.com appnexus.com improvedigital.com indexexchange.com pubmatic.com rubiconproject.com teads.tv themediagrid.com xandr.com
Reworld Media Factory,reworldmedia.com,9,12,aps.amazon.com conversantmedia.com indexexchange.com ogury.com pubmatic.com seedtag.com sharethrough.com teads.tv triplelift.com
STREAMLYN PTE LTD,tapmind.com,9,18,appnexus.com inmobi.com openx.com pubmatic.com rubiconproject.com sharethrough.com smartadserver.com video.unrulymedia.com xandr.com
Sharethrough,sharethrough.com,9,10,appnexus.com openx.com pubmatic.com rubiconproject.com sharethrough.com smaato.com smartadserver.com video.unrulymedia.com xandr.com
The Ozone Project,the-ozone-project.com,9,11,adform.com appnexus.com indexexchange.com openx.com pubmatic.com sharethrough.com smartadserver.com xandr.com yahoo.com
Underdogmedia,underdogmedia.com,9,10,adyoulike.com amxrtb.com indexexchange.com lijit.com media.net nativo.com sharethrough.com smartadserver.com themediagrid.com
Voice Media Group,voicemediagroup.com,9,13,amxrtb.com appnexus.com connatix.com gumgum.com lijit.com media.net pubmatic.com rubiconproject.com xandr.com
Waytogrow Sp. z o.o.,waytogrow.eu,9,10,aps.amazon.com lijit.com ogury.com onetag.com pubmatic.com rubiconproject.com sharethrough.com smartadserver.com teads.tv
Zero 1 Inc.,vdo.ai,9,11,appnexus.com aps.amazon.com conversantmedia.com onetag.com risecodes.com rubiconproject.com sharethrough.com smartadserver.com xandr.com
adtachlab d.o.o.,adtechlab.eu,9,9,adform.com lijit.com ogury.com pubmatic.com rubiconproject.com seedtag.com sharethrough.com smartadserver.com themediagrid.com
4W MarketPlace S.r.l.,4wmarketplace.com,8,8,adform.com appnexus.com aps.amazon.com improvedigital.com pubmatic.com sharethrough.com smartadserver.com xandr.com
ADSYIELD,adsyield.com,8,9,adform.com amxrtb.com conversantmedia.com improvedigital.com lijit.com onetag.com pubmatic.com video.unrulymedia.com
AdFirst Media Ltd,adfirst.media,8,16,aps.amazon.com conversantmedia.com gumgum.com improvedigital.com rubiconproject.com sharethrough.com smartadserver.com triplelift.com
AdSparc Pty Ltd,adsparc.com,8,9,adform.com adyoulike.com amxrtb.com pubmatic.com rubiconproject.com sharethrough.com smartadserver.com teads.tv
Added TV LTD.,added.tv,8,24,appnexus.com connatix.com freewheel.tv improvedigital.com lijit.com sharethrough.com smartadserver.com xandr.com
Aloha Ads,aloha-ads.com,8,8,adyoulike.com appnexus.com improvedigital.com lijit.com sharethrough.com smartadserver.com video.unrulymedia.com xandr.com
AppendAd Ltd,firstimpression.io,8,20,appnexus.com aps.amazon.com lijit.com openx.com pubmatic.com rubiconproject.com video.unrulymedia.com xandr.com
Bidmatic Inc,bidmatic.io,8,8,adyoulike.com amxrtb.com aps.amazon.com lijit.com ogury.com onetag.com risecodes.com video.unrulymedia.com
Blasto Sp,blasto.ai,8,8,adyoulike.com appnexus.com connatix.com improvedigital.com lijit.com onetag.com video.unrulymedia.com xandr.com
Blue Ant TV US LLC,blueantmedia.com,8,12,connatix.com conversantmedia.com freewheel.tv media.net pubmatic.com seedtag.com sharethrough.com triplelift.com
BlueX,bluexad.ai,8,9,conversantmedia.com onetag.com openx.com pubmatic.com rubiconproject.com sharethrough.com smartadserver.com video.unrulymedia.com
Bold Screen Media LLC,boldcollective.co,8,14,connatix.com freewheel.tv lijit.com media.net sharethrough.com smaato.com smartadserver.com video.unrulymedia.com
CPEX,cpex.cz,8,14,adform.com appnexus.com indexexchange.com pubmatic.com rubiconproject.com themediagrid.com triplelift.com xandr.com
CTVBuyer LLC,ctvbuyer.com,8,12,connatix.com conversantmedia.com freewheel.tv loopme.com pubmatic.com sharethrough.com smartadserver.com video.unrulymedia.com
Coresibo LTD,tredio.io,8,13,adyoulike.com improvedigital.com lijit.com loopme.com media.net pubmatic.com triplelift.com video.unrulymedia.com
Delivery Media S.L.,deliverymedia.es,8,8,adform.com appnexus.com aps.amazon.com improvedigital.com rubiconproject.com seedtag.com teads.tv xandr.com
Dianomi Limited,dianomi.com,8,8,adform.com amxrtb.com appnexus.com nativo.com openx.com pubmatic.com rubiconproject.com xandr.com
Digo Hispanic Media,digohispanicmedia.com,8,9,conversantmedia.com pubmatic.com rubiconproject.com seedtag.com sharethrough.com smartadserver.com themediagrid.com triplelift.com
"DistroScale, Inc.",distroscale.com,8,18,aps.amazon.com lijit.com openx.com pubmatic.com rubiconproject.com seedtag.com sharethrough.com smartadserver.com
Duration Media,durationmedia.net,8,8,amxrtb.com improvedigital.com openx.com pubmatic.com rubiconproject.com sharethrough.com smartadserver.com video.unrulymedia.com
Enhance Inc,enhance.co.jp,8,15,aps.amazon.com media.net ogury.com openx.com pubmatic.com rubiconproject.com teads.tv themediagrid.com
Evolution Technologies Inc,ssp.e-volution.ai,8,11,appnexus.com conversantmedia.com freewheel.tv onetag.com pubmatic.com sharethrough.com smartadserver.com xandr.com
FeedAd GmbH,feedad.com,8,8,appnexus.com improvedigital.com lijit.com pubmatic.com rubiconproject.com sharethrough.com video.unrulymedia.com xandr.com
Galaxie Media,galaxiemedia.fr,8,9,adyoulike.com aps.amazon.com improvedigital.com indexexchange.com rubiconproject.com sharethrough.com smartadserver.com triplelift.com
GermaneMediaSolutionspvt.ltd.,thegermanemedia.com,8,13,freewheel.tv improvedigital.com loopme.com onetag.com pubmatic.com sharethrough.com smartadserver.com triplelift.com
Get Media MX,getmediamx.com,8,8,adyoulike.com appnexus.com lijit.com rubiconproject.com sharethrough.com smartadserver.com triplelift.com xandr.com
HOPPex Kft.,hoppex.hu,8,28,adform.com appnexus.com lijit.com pubmatic.com rubiconproject.com sharethrough.com smartadserver.com xandr.com
House Of Pubs,houseofpubs.com,8,11,amxrtb.com conversantmedia.com lijit.com loopme.com pubmatic.com sharethrough.com smartadserver.com video.unrulymedia.com
IMPACTIFY,impactify.io,8,9,adform.com appnexus.com improvedigital.com pubmatic.com rubiconproject.com sharethrough.com smartadserver.com xandr.com
"Kargo Global, Inc",kargo.com,8,10,appnexus.com contextweb.com freewheel.tv rubiconproject.com sharethrough.com smartadserver.com video.unrulymedia.com xandr.com
L.S. Tzipori Investments Ltd.,apexflowsdk.com,8,13,appnexus.com lijit.com pubmatic.com rubiconproject.com sharethrough.com triplelift.com video.unrulymedia.com xandr.com
Livewrapped,livewrapped.com,8,8,amxrtb.com aps.amazon.com improvedigital.com kargo.com ogury.com seedtag.com triplelift.com video.unrulymedia.com
M32,m32connect.com,8,43,amxrtb.com aps.amazon.com pubmatic.com rubiconproject.com sharethrough.com smartadserver.com teads.tv triplelift.com
MadStream Sp. z.o.o.,madstream.net,8,11,appnexus.com connatix.com freewheel.tv improvedigital.com lijit.com loopme.com video.unrulymedia.com xandr.com
"Marfeel Solutions, SL",marfeel.com,8,10,appnexus.com lijit.com openx.com rubiconproject.com seedtag.com teads.tv themediagrid.com xandr.com
Media Quest Group Limited,auth.inc,8,10,appnexus.com improvedigital.com lijit.com onetag.com openx.com rubiconproject.com video.unrulymedia.com xandr.com
Mediatonik,mediatonik.tech,8,14,gumgum.com indexexchange.com pubmatic.com rubiconproject.com seedtag.com sharethrough.com smartadserver.com teads.tv
New Dream Global,newdreamglobal.com,8,8,amxrtb.com aps.amazon.com connatix.com lijit.com onetag.com sharethrough.com smartadserver.com teads.tv
NextDayMedia,nextday.media,8,9,adform.com appnexus.com aps.amazon.com pubmatic.com rubiconproject.com seedtag.com teads.tv xandr.com
Nexverse.ai,nexverse.ai,8,8,lijit.com onetag.com pubmatic.com rubiconproject.com sharethrough.com smartadserver.com themediagrid.com video.unrulymedia.com
Ogury Ltd,ogury.com,8,10,appnexus.com improvedigital.com pubmatic.com rubiconproject.com sharethrough.com smartadserver.com video.unrulymedia.com xandr.com
Planet Sport LTD,planetsport.com,8,8,amxrtb.com appnexus.com gumgum.com improvedigital.com indexexchange.com kargo.com seedtag.com xandr.com
Prequel,prequel.tv,8,13,adyoulike.com conversantmedia.com freewheel.tv improvedigital.com lijit.com loopme.com onetag.com rubiconproject.com
PubMatic,pubmatic.com,8,10,appnexus.com gumgum.com improvedigital.com loopme.com pubmatic.com smaato.com undertone.com xandr.com
"Pubeasy, Inc.",pubeasy.io,8,8,conversantmedia.com lijit.com nativo.com pubmatic.com rubiconproject.com smaato.com triplelift.com video.unrulymedia.com
Pubgenius Inc.,pubgenius.io,8,11,appnexus.com aps.amazon.com conversantmedia.com rubiconproject.com sharethrough.com triplelift.com video.unrulymedia.com xandr.com
Pubwise Io,pubwise.io,8,15,amxrtb.com connatix.com media.net openx.com pubmatic.com rubiconproject.com sharethrough.com triplelift.com
REVAMP PRO LLC,pmldigital.com,8,11,conversantmedia.com freewheel.tv onetag.com pubmatic.com rubiconproject.com sharethrough.com smartadserver.com video.unrulymedia.com
Revry Inc dba Prism Riot,prismriotads.com,8,11,connatix.com freewheel.tv pubmatic.com sharethrough.com smaato.com smartadserver.com triplelift.com video.unrulymedia.com
Rhebus,rhebus.works,8,15,appnexus.com freewheel.tv lijit.com rubiconproject.com sharethrough.com smartadserver.com video.unrulymedia.com xandr.com
SAPO,sapo.pt,8,9,appnexus.com aps.amazon.com indexexchange.com lijit.com onetag.com pubmatic.com seedtag.com xandr.com
SPINX PTE LTD,spinx.biz,8,9,adform.com appnexus.com conversantmedia.com nativo.com pubmatic.com themediagrid.com video.unrulymedia.com xandr.com
SPM Sportplatz Media GmbH,sportplatz-media.com,8,8,appnexus.com improvedigital.com rubiconproject.com seedtag.com sharethrough.com smartadserver.com teads.tv xandr.com
Smoot AI,smoot.ai,8,10,adform.com adyoulike.com amxrtb.com improvedigital.com lijit.com pubmatic.com sharethrough.com smartadserver.com
Stamp,stamptv.io,8,13,appnexus.com freewheel.tv improvedigital.com pubmatic.com sharethrough.com smartadserver.com video.unrulymedia.com xandr.com
TOPON PTE LTD,toponad.com,8,11,connatix.com freewheel.tv lijit.com loopme.com media.net openx.com pubmatic.com video.unrulymedia.com
Unibots,unibots.in,8,16,adform.com appnexus.com aps.amazon.com lijit.com onetag.com openx.com pubmatic.com xandr.com
"UrbanoTV, Inc dba NGL Collective",nglcollective.com,8,8,appnexus.com conversantmedia.com loopme.com pubmatic.com triplelift.com undertone.com video.unrulymedia.com xandr.com
Vortex Media Network SL,vortexmedia.es,8,64,aps.amazon.com gumgum.com improvedigital.com lijit.com openx.com sharethrough.com smartadserver.com teads.tv
WebAds NL,webads.eu,8,13,appnexus.com gumgum.com ogury.com pubmatic.com rubiconproject.com sharethrough.com smartadserver.com xandr.com
Young ID SAS,youngid.fr,8,10,adyoulike.com gumgum.com rubiconproject.com seedtag.com sharethrough.com smartadserver.com teads.tv triplelift.com
9 Media online,9mediaonline.com,7,9,adform.com adyoulike.com amxrtb.com connatix.com lijit.com pubmatic.com sharethrough.com
Adrenalead SAS,aleadinfo.com,7,7,appnexus.com onetag.com pubmatic.com rubiconproject.com sharethrough.com smartadserver.com xandr.com
Ads & Data NV,adsanddata.be,7,7,appnexus.com indexexchange.com pubmatic.com rubiconproject.com themediagrid.com triplelift.com xandr.com
Andrea Media SARL,andreamedia.com,7,7,appnexus.com ogury.com seedtag.com sharethrough.com smartadserver.com teads.tv xandr.com
ArabyAds FZ LLC,arabyads.com,7,7,aps.amazon.com openx.com pubmatic.com rubiconproject.com sharethrough.com smartadserver.com teads.tv
Atunwa Digital LLC,atunwadigital.com,7,11,aps.amazon.com conversantmedia.com improvedigital.com lijit.com loopme.com media.net triplelift.com
Audiomob LTD,audiomob.com,7,7,appnexus.com loopme.com pubmatic.com rubiconproject.com smaato.com video.unrulymedia.com xandr.com
BCCOMMUNITY LIMITED,bidscube.com,7,7,adform.com improvedigital.com lijit.com ogury.com risecodes.com triplelift.com video.unrulymedia.com
BCM International LLC,datacygnal.io,7,19,appnexus.com aps.amazon.com freewheel.tv media.net rubiconproject.com sharethrough.com xandr.com
Bridgeupp,bridgeupp.com,7,9,adform.com appnexus.com sharethrough.com smartadserver.com triplelift.com video.unrulymedia.com xandr.com
Cas.ai,cas.ai,7,8,adyoulike.com conversantmedia.com lijit.com pubmatic.com sharethrough.com smartadserver.com video.unrulymedia.com
CommonMedia GmbH,commonmedia.de,7,7,indexexchange.com ogury.com rubiconproject.com seedtag.com sharethrough.com smartadserver.com teads.tv
Concept ApS,concept.dk,7,9,adform.com appnexus.com indexexchange.com pubmatic.com rubiconproject.com themediagrid.com xandr.com
"Conversant, Inc.",conversantmedia.com,7,9,appnexus.com lijit.com openx.com pubmatic.com rubiconproject.com xandr.com yahoo.com
"DBA Mintegral North America, Inc.",mintegral.com,7,9,conversantmedia.com improvedigital.com loopme.com pubmatic.com rubiconproject.com themediagrid.com video.unrulymedia.com
Diario del Web S.r.l.,diariodelwebsrl.it,7,7,aps.amazon.com improvedigital.com ogury.com onetag.com sharethrough.com smartadserver.com teads.tv
Digital Media Services FZ-LLC,dms-cg.com,7,7,conversantmedia.com pubmatic.com rubiconproject.com seedtag.com sharethrough.com smartadserver.com themediagrid.com
Digital Sail Cyprus LTD,d-sail.com,7,8,adform.com lijit.com nativo.com onetag.com pubmatic.com sharethrough.com smartadserver.com
Distractify,fabrik.com,7,24,appnexus.com aps.amazon.com media.net pubmatic.com rubiconproject.com triplelift.com xandr.com
EMPOWER AD-TECH FZ-LLC,empower.net,7,10,aps.amazon.com inmobi.com ogury.com onetag.com pubmatic.com rubiconproject.com smaato.com
Elixir,elixirvideo.co,7,7,adyoulike.com conversantmedia.com lijit.com onetag.com rubiconproject.com sharethrough.com smartadserver.com
Everysport Group,esmg.se,7,7,adform.com appnexus.com improvedigital.com rubiconproject.com sharethrough.com smartadserver.com xandr.com
Exorigos [Sub Domains],exorigos.com,7,20,adyoulike.com connatix.com pubmatic.com rubiconproject.com sharethrough.com smartadserver.com triplelift.com
HighLoadIT OU dba  PPC.BUZZ,ppc.buzz,7,7,adform.com adyoulike.com appnexus.com improvedigital.com lijit.com seedtag.com xandr.com
INN Partners L.C dba Blox Digital,bloxdigital.com,7,9,aps.amazon.com media.net rubiconproject.com seedtag.com sharethrough.com smaato.com smartadserver.com
Internetowy Dom Mediowy net S.A.,idmnet.pl,7,7,appnexus.com indexexchange.com pubmatic.com sharethrough.com smartadserver.com teads.tv xandr.com
"JWP, Inc",jwplayer.com,7,12,appnexus.com connatix.com indexexchange.com pubmatic.com sharethrough.com smartadserver.com xandr.com
Jam-X LTD,jamx.ai,7,9,connatix.com freewheel.tv lijit.com rubiconproject.com sharethrough.com smartadserver.com triplelift.com
KRAK A/S,krak.dk,7,8,adform.com appnexus.com indexexchange.com pubmatic.com rubiconproject.com themediagrid.com xandr.com
Keenkale,keenkale.com,7,7,adform.com adyoulike.com conversantmedia.com improvedigital.com loopme.com themediagrid.com video.unrulymedia.com
Lacuna,ushareit.com,7,8,lijit.com nativo.com pubmatic.com risecodes.com rubiconproject.com smaato.com themediagrid.com
MEDIA GROUP DENMARK ApS,mgdk.dk,7,7,adform.com amxrtb.com improvedigital.com pubmatic.com rubiconproject.com sharethrough.com smartadserver.com
Media First Network,newsusadigital.com,7,8,conversantmedia.com pubmatic.com rubiconproject.com sharethrough.com smartadserver.com triplelift.com video.unrulymedia.com
Monet Engine Inc.( AdaptMX),amxrtb.com,7,12,appnexus.com lijit.com pubmatic.com rubiconproject.com sharethrough.com smartadserver.com xandr.com
Navio Tv,navio.tv,7,7,amxrtb.com conversantmedia.com lijit.com pubmatic.com sharethrough.com smartadserver.com video.unrulymedia.com
OMS,brightcom.com,7,7,appnexus.com improvedigital.com openx.com pubmatic.com sharethrough.com teads.tv xandr.com
OneDSP_Audienzz,audienzz.ch,7,7,adform.com amxrtb.com aps.amazon.com sharethrough.com smartadserver.com themediagrid.com triplelift.com
Opti Digital,optidigital.fr,7,12,adyoulike.com gumgum.com onetag.com pubmatic.com sharethrough.com smartadserver.com triplelift.com
PixFuture Media,pixfuture.com,7,12,media.net onetag.com openx.com pubmatic.com seedtag.com sharethrough.com smartadserver.com
Publisher Health,publisherhealth.com,7,8,appnexus.com aps.amazon.com lijit.com media.net sharethrough.com smartadserver.com xandr.com
ReklamUp,reklamup.com,7,7,ogury.com pubmatic.com rubiconproject.com sharethrough.com smartadserver.com themediagrid.com triplelift.com
Relevant Digital Oy,relevant-digital.com,7,8,improvedigital.com indexexchange.com onetag.com pubmatic.com rubiconproject.com themediagrid.com triplelift.com
Rogers Media Inc.,rogerssportsandmedia.com,7,9,appnexus.com aps.amazon.com freewheel.tv rubiconproject.com sharethrough.com smartadserver.com xandr.com
SAHAR MEDIA FZE,saharmedia.net,7,11,appnexus.com conversantmedia.com improvedigital.com pubmatic.com rubiconproject.com video.unrulymedia.com xandr.com
SIXTYFOX,audiencerun.com,7,7,adyoulike.com amxrtb.com appnexus.com lijit.com media.net onetag.com xandr.com
STEP A/S,stepnetwork.dk,7,7,adform.com appnexus.com indexexchange.com onetag.com pubmatic.com rubiconproject.com xandr.com
SafeX,safex.tv,7,8,appnexus.com freewheel.tv kargo.com lijit.com pubmatic.com seedtag.com xandr.com
Seeding Alliance [HB],seeding-alliance.de,7,8,adyoulike.com connatix.com improvedigital.com pubmatic.com rubiconproject.com smaato.com triplelift.com
Seznam.cz a.s.,seznam.cz,7,7,adform.com appnexus.com pubmatic.com sharethrough.com smartadserver.com themediagrid.com xandr.com
Sipo-Inc,sipo-inc.com,7,10,adform.com freewheel.tv loopme.com nativo.com rubiconproject.com sharethrough.com smartadserver.com
SmartyAds,smartyads.com,7,11,adform.com adyoulike.com freewheel.tv improvedigital.com lijit.com pubmatic.com themediagrid.com
Sonobi - Premium,sonobi.com,7,12,appnexus.com freewheel.tv lijit.com pubmatic.com sharethrough.com smartadserver.com xandr.com
Soundstack Plus,soundstack.com,7,8,appnexus.com conversantmedia.com improvedigital.com media.net sharethrough.com smartadserver.com xandr.com
Sport Network srl,sportnetwork.it,7,8,lijit.com onetag.com pubmatic.com seedtag.com sharethrough.com smartadserver.com themediagrid.com
Ströer SSP GmbH,stroeer.de,7,7,appnexus.com indexexchange.com sharethrough.com smartadserver.com themediagrid.com video.unrulymedia.com xandr.com
SuperNext GmbH,xymatic.com,7,7,gumgum.com improvedigital.com indexexchange.com rubiconproject.com sharethrough.com smartadserver.com video.unrulymedia.com
TownNews,townnews.com,7,8,appnexus.com lijit.com pubmatic.com sharethrough.com smartadserver.com triplelift.com xandr.com
Tri-table Sp. z o.o.,spolecznosci.pl,7,7,appnexus.com pubmatic.com rubiconproject.com sharethrough.com smartadserver.com teads.tv xandr.com
Trinity Audio [HB],trinityaudio.ai,7,9,adyoulike.com improvedigital.com media.net rubiconproject.com sharethrough.com smartadserver.com video.unrulymedia.com
VGI CTV Inc,lkqd.net,7,11,conversantmedia.com freewheel.tv improvedigital.com pubmatic.com sharethrough.com smartadserver.com video.unrulymedia.com
Veraviews,veraviews.com,7,7,adform.com connatix.com lijit.com seedtag.com sharethrough.com smartadserver.com themediagrid.com
Verizon Media,yahooinc.com,7,13,lijit.com loopme.com openx.com pubmatic.com rubiconproject.com sharethrough.com triplelift.com
Verve,verve.com,7,11,adyoulike.com media.net openx.com pubmatic.com rubiconproject.com sharethrough.com video.unrulymedia.com
Wunderkind Corporation,wunderkind.co,7,8,aps.amazon.com indexexchange.com pubmatic.com rubiconproject.com sharethrough.com smartadserver.com themediagrid.com
Xumo LLC,xumo.com,7,7,connatix.com freewheel.tv lijit.com openx.com sharethrough.com teads.tv video.unrulymedia.com
YOC AG,yoc.com,7,9,appnexus.com indexexchange.com pubmatic.com rubiconproject.com sharethrough.com smartadserver.com xandr.com
Yellowhead,yellowhead.com,7,7,adyoulike.com improvedigital.com lijit.com rubiconproject.com sharethrough.com smartadserver.com video.unrulymedia.com
Yieldlab GmbH - Managed Service (Publisher),yieldlab.net,7,9,appnexus.com indexexchange.com pubmatic.com sharethrough.com smartadserver.com themediagrid.com xandr.com
adte,adte.com,7,13,adform.com conversantmedia.com freewheel.tv loopme.com sharethrough.com smartadserver.com triplelift.com
bluTonic Inc.,blutonic.com,7,7,appnexus.com connatix.com contextweb.com lijit.com seedtag.com themediagrid.com xandr.com
100PercentFill,darkmattertv.com,6,10,connatix.com conversantmedia.com freewheel.tv loopme.com pubmatic.com sharethrough.com
"101 Media, Inc.",widesound.io,6,6,conversantmedia.com lijit.com loopme.com rubiconproject.com sharethrough.com smartadserver.com
365 Fitness Hub,365fitnesshub.tv,6,6,appnexus.com freewheel.tv sharethrough.com smartadserver.com video.unrulymedia.com xandr.com
ADSENSOR PUBLICIDADE DIGITAL EIRELI,adsensor.com,6,6,appnexus.com pubmatic.com rubiconproject.com sharethrough.com smartadserver.com xandr.com
ARCHON PROGRAMMATİK HOUSE İNTERNET REKLAM PAZARLAMA VE TİCARET ANONİM ŞİRKETİ (OW),archonph.com,6,7,pubmatic.com rubiconproject.com sharethrough.com smartadserver.com themediagrid.com triplelift.com
AdStella L.L.C-FZ,adstella.ai,6,7,appnexus.com pubmatic.com rubiconproject.com sharethrough.com smartadserver.com xandr.com
Addigi Media,addigi.media,6,6,adyoulike.com pubmatic.com sharethrough.com smartadserver.com themediagrid.com video.unrulymedia.com
Admatic GMBH,admatic.de,6,7,adform.com lijit.com onetag.com pubmatic.com risecodes.com rubiconproject.com
Adtelligent,adtelligent.com,6,6,adyoulike.com connatix.com conversantmedia.com lijit.com onetag.com triplelift.com
Alayans,alayans-media.com,6,11,amxrtb.com indexexchange.com ogury.com sharethrough.com smartadserver.com video.unrulymedia.com
"Anoki, Inc",anoki.ai,6,9,appnexus.com contextweb.com freewheel.tv pubmatic.com triplelift.com xandr.com
Antengo Inc.,antengo.com,6,6,conversantmedia.com lijit.com media.net nativo.com openx.com rubiconproject.com
"Antipodes Digital, S.L.",antipodesdigital.com,6,9,appnexus.com aps.amazon.com freewheel.tv pubmatic.com themediagrid.com xandr.com
Appush Technologies LTD,appush.com,6,6,appnexus.com lijit.com onetag.com themediagrid.com video.unrulymedia.com xandr.com
Ardenode Media,ardenodemedia.com,6,6,appnexus.com conversantmedia.com lijit.com rubiconproject.com triplelift.com xandr.com
Audience Connect,theagenticx.ai,6,15,appnexus.com freewheel.tv pubmatic.com sharethrough.com smartadserver.com xandr.com
BREAKTIME INC.,breaktime.com.tw,6,7,openx.com rubiconproject.com sharethrough.com smaato.com smartadserver.com themediagrid.com
BeabupLTD.,beapup.com,6,10,freewheel.tv lijit.com sharethrough.com smartadserver.com triplelift.com video.unrulymedia.com
"Beachfront Media, LLC",beachfront.com,6,8,appnexus.com loopme.com pubmatic.com sharethrough.com smartadserver.com xandr.com
Bildapp,bildapp.net,6,7,lijit.com nativo.com rubiconproject.com sharethrough.com smartadserver.com video.unrulymedia.com
BizBudding Inc,bizbudding.com,6,6,aps.amazon.com connatix.com kargo.com pubmatic.com rubiconproject.com triplelift.com
BridTV kft,brid.tv,6,6,aps.amazon.com lijit.com openx.com pubmatic.com rubiconproject.com themediagrid.com
Businessclick Sp. z o.o.,wpartner.pl,6,7,adform.com onetag.com pubmatic.com rubiconproject.com sharethrough.com smartadserver.com
"Cordless Media, LLC",cordlessmedia.com,6,7,conversantmedia.com media.net openx.com rubiconproject.com sharethrough.com themediagrid.com
DXKulture,dxkulture.com,6,7,onetag.com pubmatic.com rubiconproject.com sharethrough.com smartadserver.com video.unrulymedia.com
Distributed Media Lab,distributedmedialab.com,6,6,conversantmedia.com nativo.com rubiconproject.com sharethrough.com smartadserver.com triplelift.com
Drift Pixel,driftpixel.ai,6,6,amxrtb.com conversantmedia.com lijit.com loopme.com media.net video.unrulymedia.com
Erelego,erelego.com,6,8,amxrtb.com inmobi.com lijit.com pubmatic.com teads.tv themediagrid.com
Excellence Advertising USA Inc.,excellenceadvertising.com,6,7,media.net onetag.com rubiconproject.com sharethrough.com smartadserver.com triplelift.com
Ezoic,ezoic.co.uk,6,6,amxrtb.com aps.amazon.com lijit.com openx.com pubmatic.com sharethrough.com
FUNKE DIGITAL GmbH,funkedigital.de,6,6,appnexus.com aps.amazon.com gumgum.com improvedigital.com themediagrid.com xandr.com
Filmzie as,filmzie.com,6,18,connatix.com conversantmedia.com freewheel.tv improvedigital.com lijit.com sharethrough.com
GliaCloud,gliacloud.com,6,6,onetag.com openx.com rubiconproject.com sharethrough.com smartadserver.com video.unrulymedia.com
Goldbach neXT AG,gb-next.ch,6,6,adform.com appnexus.com pubmatic.com rubiconproject.com teads.tv xandr.com
Good Run Media,goodrunmedia.com,6,7,conversantmedia.com inmobi.com pubmatic.com sharethrough.com smartadserver.com triplelift.com
Hispanic Exchange,hispanicexchange.com,6,6,adyoulike.com appnexus.com contextweb.com lijit.com rubiconproject.com xandr.com
Influent Media,influent-media.com,6,7,aps.amazon.com improvedigital.com openx.com rubiconproject.com sharethrough.com smartadserver.com
Insurads,insurads.com,6,6,amxrtb.com lijit.com onetag.com pubmatic.com sharethrough.com smartadserver.com
Jambo Jar LLP,jambojar.com,6,9,aps.amazon.com conversantmedia.com freewheel.tv openx.com pubmatic.com rubiconproject.com
Locality,locality.com,6,9,freewheel.tv loopme.com pubmatic.com sharethrough.com smartadserver.com video.unrulymedia.com
MPW Enterprises LLC,mpwdigital.com,6,7,connatix.com conversantmedia.com media.net pubmatic.com rubiconproject.com sharethrough.com
Mars Technologies Ltd,mars.media,6,22,conversantmedia.com improvedigital.com lijit.com sharethrough.com smartadserver.com triplelift.com
Medios Federales,mediosfederales.com,6,6,amxrtb.com ogury.com rubiconproject.com seedtag.com sharethrough.com smartadserver.com
Motorik,motorik.io,6,12,adform.com adyoulike.com freewheel.tv lijit.com media.net pubmatic.com
Nexxen Group US Holdings Inc,unrulymedia.com,6,8,connatix.com improvedigital.com pubmatic.com rubiconproject.com smaato.com undertone.com
OAREX,yollamedia.com,6,13,conversantmedia.com indexexchange.com openx.com pubmatic.com rubiconproject.com triplelift.com
OpenGlass,openglass.tv,6,7,gumgum.com indexexchange.com pubmatic.com sharethrough.com smartadserver.com triplelift.com
ProPS,props.id,6,6,inmobi.com ogury.com pubmatic.com rubiconproject.com sharethrough.com smartadserver.com
Produpress SA/NV,produpress.be,6,6,appnexus.com improvedigital.com rubiconproject.com sharethrough.com smartadserver.com xandr.com
PubX AI LTD,pubx.ai,6,6,adyoulike.com amxrtb.com improvedigital.com rubiconproject.com smaato.com themediagrid.com
Reignn Platform LTD,reignn.com,6,11,appnexus.com aps.amazon.com conversantmedia.com rubiconproject.com triplelift.com xandr.com
Relevant Digital Oy,relevant.fi,6,8,adform.com amxrtb.com appnexus.com sharethrough.com smartadserver.com xandr.com
Ringier Serbia d.o.o,ringier.rs,6,6,adform.com indexexchange.com pubmatic.com sharethrough.com smartadserver.com triplelift.com
RobustApps,robust-apps.com,6,7,adyoulike.com improvedigital.com lijit.com rubiconproject.com triplelift.com video.unrulymedia.com
STARTUPITALIA! S.r.l.,instal.com,6,10,appnexus.com lijit.com openx.com pubmatic.com video.unrulymedia.com xandr.com
Saambaa,saambaa.com,6,9,amxrtb.com lijit.com pubmatic.com rubiconproject.com sharethrough.com video.unrulymedia.com
Sevio,sevio.com,6,7,adyoulike.com amxrtb.com pubmatic.com seedtag.com sharethrough.com smartadserver.com
Siprocal,siprocalads.com,6,14,freewheel.tv lijit.com loopme.com pubmatic.com sharethrough.com smartadserver.com
Smile Internet Technologies Pte Ltd.,tyroo.com,6,6,freewheel.tv indexexchange.com pubmatic.com sharethrough.com smartadserver.com video.unrulymedia.com
Solomid Corporation,blitz.gg,6,7,appnexus.com rubiconproject.com sharethrough.com triplelift.com video.unrulymedia.com xandr.com
Spot.IM Inc.,player.spotim.market,6,12,appnexus.com conversantmedia.com media.net openx.com pubmatic.com xandr.com
StreamKey,streamkey.tv,6,10,adform.com connatix.com conversantmedia.com gumgum.com improvedigital.com sharethrough.com
Streamlyn Media [HB],streamlyn.com,6,9,adyoulike.com amxrtb.com aps.amazon.com connatix.com onetag.com pubmatic.com
"TITAN OPERATING SYSTEM, SL",titanos.tv,6,8,freewheel.tv pubmatic.com sharethrough.com smartadserver.com triplelift.com video.unrulymedia.com
The Media Sense Digital Technologies Ltd,themediasense.com,6,10,freewheel.tv improvedigital.com lijit.com onetag.com pubmatic.com sharethrough.com
The Media Shop LLC,themediashop.co,6,26,aps.amazon.com lijit.com openx.com rubiconproject.com sharethrough.com smartadserver.com
The Odyssey SAS - BeOp,beop.io,6,7,improvedigital.com pubmatic.com rubiconproject.com sharethrough.com smartadserver.com teads.tv
Think Digital,thinkdigital.net,6,6,amxrtb.com connatix.com improvedigital.com onetag.com sharethrough.com smartadserver.com
Triton Digital,tritondigital.com,6,7,appnexus.com improvedigital.com rubiconproject.com sharethrough.com smartadserver.com xandr.com
Tubia FZCO,tubia.com,6,6,adform.com appnexus.com improvedigital.com pubmatic.com triplelift.com xandr.com
Underdog Media,udmserve.net,6,8,contextweb.com openx.com pubmatic.com risecodes.com rubiconproject.com video.unrulymedia.com
United Inc.,ad-stir.com,6,7,appnexus.com aps.amazon.com pubmatic.com rubiconproject.com themediagrid.com xandr.com
"VideoByte, Inc",videobyte.com,6,6,appnexus.com conversantmedia.com pubmatic.com sharethrough.com video.unrulymedia.com xandr.com
Visible Measures,visiblemeasures.com,6,6,adform.com adyoulike.com appnexus.com pubmatic.com rubiconproject.com xandr.com
Waardex App,waardex.com,6,10,adyoulike.com amxrtb.com conversantmedia.com lijit.com onetag.com openx.com
"Wavefront TV, LLC",wavefront.tv,6,8,lijit.com loopme.com pubmatic.com sharethrough.com smartadserver.com video.unrulymedia.com
Zillian SA,forebase.com,6,8,improvedigital.com lijit.com seedtag.com sharethrough.com smartadserver.com themediagrid.com
Zippor,zippormedia.com,6,12,adyoulike.com amxrtb.com aps.amazon.com openx.com sharethrough.com smartadserver.com
"i-mobile Co.,Ltd.",i-mobile.co.jp,6,9,aps.amazon.com ogury.com pubmatic.com rubiconproject.com themediagrid.com video.unrulymedia.com
360playvid,360playvid.com,5,6,conversantmedia.com media.net onetag.com seedtag.com video.unrulymedia.com
42 Media Group,42media.group,5,6,amxrtb.com aps.amazon.com conversantmedia.com rubiconproject.com sharethrough.com
A. Manzoni & C. S.p.A,manzoniadvertising.com,5,6,aps.amazon.com onetag.com pubmatic.com rubiconproject.com themediagrid.com
ADOP Inc.,adop.cc,5,11,appnexus.com openx.com pubmatic.com themediagrid.com xandr.com
Ad Nordics ApS,adnordics.com,5,5,adform.com appnexus.com gumgum.com pubmatic.com xandr.com
AdFirst Media,adfirstmedia.com,5,6,inmobi.com nativo.com onetag.com risecodes.com seedtag.com
Admatic Teknoloji A.S,admatic.com.tr,5,5,adform.com amxrtb.com aps.amazon.com ogury.com rubiconproject.com
Adthink,adthink.com,5,5,amxrtb.com aps.amazon.com sharethrough.com teads.tv themediagrid.com
Airfind Corp.,airfind.com,5,7,aps.amazon.com connatix.com lijit.com sharethrough.com smartadserver.com
"Armonach Media Partners, Ltd.",ampliffy.com,5,5,aps.amazon.com lijit.com media.net openx.com triplelift.com
Audienciad,audienciad.com,5,5,amxrtb.com appnexus.com onetag.com xandr.com yieldmo.com
Avantis Team Technologies Ltd [OW],avantisteam.com,5,6,adyoulike.com lijit.com onetag.com pubmatic.com triplelift.com
Azerion Technology B.V. - DACH,improvedigital.com,5,8,appnexus.com improvedigital.com seedtag.com smaato.com xandr.com
BCM,bcm.ltd,5,17,adyoulike.com freewheel.tv lijit.com openx.com teads.tv
BeMatterfull,bematterfull.com,5,5,adyoulike.com conversantmedia.com improvedigital.com lijit.com seedtag.com
Blavity Inc.,blavity.com,5,6,aps.amazon.com connatix.com kargo.com openx.com triplelift.com
Boostappi,boostappi.com,5,6,lijit.com rubiconproject.com sharethrough.com smartadserver.com video.unrulymedia.com
Cazhype,cazhype.com,5,8,adyoulike.com freewheel.tv improvedigital.com lijit.com video.unrulymedia.com
CitrusAd,citrusad.com,5,6,pubmatic.com rubiconproject.com sharethrough.com smartadserver.com yahoo.com
Compagnies QA,test.com,5,14,adyoulike.com connatix.com pubmatic.com sharethrough.com video.unrulymedia.com
ConnectAd Demand GmbH,connectad.io,5,5,adform.com conversantmedia.com openx.com rubiconproject.com video.unrulymedia.com
DAZN Media Sales Limited,dazn.com,5,5,appnexus.com lijit.com sharethrough.com smartadserver.com xandr.com
Dailymotion,dailymotion.com,5,8,adyoulike.com improvedigital.com onetag.com pubmatic.com triplelift.com
Dappier,dappier.com,5,5,gumgum.com inmobi.com pubmatic.com rubiconproject.com video.unrulymedia.com
Digital Throttle,digitalthrottle.com,5,5,appnexus.com aps.amazon.com lijit.com rubiconproject.com xandr.com
Digiteka Technologies SAS,digiteka.com,5,11,appnexus.com freewheel.tv rubiconproject.com triplelift.com xandr.com
Elite Appgrade,eliteappgrade.com,5,6,adform.com conversantmedia.com sharethrough.com smartadserver.com themediagrid.com
Empower Local,empowerlocal.com,5,5,appnexus.com connatix.com rubiconproject.com smartadserver.com xandr.com
Evolution Group,evolutiongroup.digital,5,9,amxrtb.com freewheel.tv inmobi.com sharethrough.com smartadserver.com
Execute Media Sweden AB,executemedia.se,5,5,adform.com amxrtb.com appnexus.com pubmatic.com xandr.com
Fandoom LLC DBA Community Hired,communityhired.com,5,5,aps.amazon.com lijit.com openx.com pubmatic.com sharethrough.com
Favish Inc,favish.com,5,7,aps.amazon.com media.net onetag.com sharethrough.com smartadserver.com
FireArc Technologies LTD,carambola.com,5,9,appnexus.com conversantmedia.com lijit.com pubmatic.com xandr.com
FremantleMedia North America Inc.,fremantle.com,5,8,appnexus.com freewheel.tv indexexchange.com pubmatic.com xandr.com
Gameloft,gameloft.com,5,10,indexexchange.com pubmatic.com rubiconproject.com sharethrough.com smartadserver.com
Genuin inc,begenuin.com,5,5,lijit.com media.net pubmatic.com sharethrough.com smartadserver.com
GroupM SK,groupm.com,5,66,adform.com appnexus.com freewheel.tv pubmatic.com xandr.com
"Hindsight Technology Solutions, Inc",hindsightsolutions.net,5,6,aps.amazon.com conversantmedia.com lijit.com sharethrough.com smartadserver.com
IMONOMY INTERACTIVE LTD,imonomy.com,5,7,lijit.com pubmatic.com sharethrough.com smartadserver.com triplelift.com
Intenze,intenze.co,5,8,adform.com adyoulike.com freewheel.tv lijit.com ogury.com
"Japan Business Press Co.,Ltd",jbpress.co.jp,5,6,gumgum.com indexexchange.com ogury.com rubiconproject.com themediagrid.com
Leanback Digital,leanback.digital,5,7,conversantmedia.com lijit.com risecodes.com triplelift.com undertone.com
Leeads,leeads.com,5,6,amxrtb.com appnexus.com improvedigital.com rubiconproject.com xandr.com
Liqwid,liqwid.com,5,8,amxrtb.com media.net openx.com pubmatic.com rubiconproject.com
MEDIAMOND S.P.A.,mediamond.it,5,7,freewheel.tv ogury.com sharethrough.com smartadserver.com themediagrid.com
MLion Ads Ltd,mlion.io,5,5,adyoulike.com conversantmedia.com lijit.com media.net video.unrulymedia.com
Magnite - DV+,rubiconproject.com,5,7,appnexus.com improvedigital.com sharethrough.com smartadserver.com xandr.com
Media360 LLC,levelx.tv,5,8,appnexus.com conversantmedia.com freewheel.tv improvedigital.com xandr.com
Mediadrive [HB],mediadrive.co.uk,5,5,adyoulike.com aps.amazon.com gumgum.com rubiconproject.com themediagrid.com
MoMAGIC Technologies Private (H.K.) Limited,momagic.com,5,7,openx.com pubmatic.com rubiconproject.com sharethrough.com smartadserver.com
Mobfox,mobfox.com,5,7,adyoulike.com freewheel.tv improvedigital.com smaato.com video.unrulymedia.com
Mobupps international Ltd,mobupps.com,5,6,connatix.com conversantmedia.com improvedigital.com lijit.com video.unrulymedia.com
Monet Engine Inc.,adaptmx.com,5,9,adform.com improvedigital.com openx.com pubmatic.com triplelift.com
"MrktStar, Inc",versusgame.com,5,7,aps.amazon.com conversantmedia.com lijit.com pubmatic.com video.unrulymedia.com
Ocelot Studio Pty Ltd,ocelot.studio,5,5,appnexus.com kargo.com pubmatic.com rubiconproject.com xandr.com
"Olaex, Inc.",olaex.biz,5,5,lijit.com openx.com rubiconproject.com themediagrid.com video.unrulymedia.com
OpenX,openx.com,5,5,appnexus.com blis.com improvedigital.com openx.com xandr.com
Oraki Digital Ltd.,oraki.io,5,7,appnexus.com aps.amazon.com lijit.com openx.com xandr.com
PGAM Media SSP,pgamssp.com,5,11,adform.com freewheel.tv pubmatic.com sharethrough.com smartadserver.com
PULSA MEDIA CONSULTING SL,pulsa.tv,5,5,appnexus.com pubmatic.com sharethrough.com smartadserver.com xandr.com
"Prensa Iberica 360, S.L.U.",prensaiberica.es,5,7,aps.amazon.com ogury.com pubmatic.com seedtag.com triplelift.com
Pro MobiTech Technologies LTD,mobitech.io,5,6,freewheel.tv loopme.com media.net pubmatic.com video.unrulymedia.com
"PubStream Advertising, LLC",pubstream.com,5,7,appnexus.com aps.amazon.com onetag.com rubiconproject.com xandr.com
ROI Media Consultants,roimediaconsultants.com,5,5,amxrtb.com lijit.com pubmatic.com rubiconproject.com sharethrough.com
Radio Net Media Ltd,adtonos.com,5,7,appnexus.com improvedigital.com media.net rubiconproject.com xandr.com
"RebelMouse, Inc.",rebelmouse.com,5,5,conversantmedia.com lijit.com ogury.com rubiconproject.com video.unrulymedia.com
Reedpop [HB],reedpop.com,5,5,adyoulike.com kargo.com sharethrough.com smartadserver.com themediagrid.com
Revbid [HB],revbid.net,5,7,adyoulike.com improvedigital.com inmobi.com lijit.com onetag.com
Revealon Media,revealon.media,5,6,adyoulike.com conversantmedia.com lijit.com media.net onetag.com
STN Video,sendtonews.com,5,8,appnexus.com indexexchange.com openx.com undertone.com xandr.com
Screencore,screencore.io,5,10,adform.com adyoulike.com conversantmedia.com lijit.com media.net
Scroll Media,scroll.co.nz,5,6,appnexus.com indexexchange.com openx.com pubmatic.com xandr.com
SheMedia LLC,shemedia.com,5,5,conversantmedia.com ogury.com risecodes.com sharethrough.com smartadserver.com
Shoal Media Canada Inc.,kidoz.net,5,5,appnexus.com improvedigital.com pubmatic.com video.unrulymedia.com xandr.com
SimpleAds,simpleads.com.br,5,5,aps.amazon.com improvedigital.com rubiconproject.com sharethrough.com smartadserver.com
Smartlify,smartlify.com,5,7,connatix.com pubmatic.com seedtag.com sharethrough.com smartadserver.com
Spacemob LLC dba Answer Media,space-mob.com,5,7,connatix.com freewheel.tv loopme.com pubmatic.com video.unrulymedia.com
Speroll Media LTD,speroll.com,5,9,appnexus.com freewheel.tv improvedigital.com lijit.com xandr.com
Sporting Media,sportingnews.com,5,6,kargo.com openx.com sharethrough.com smartadserver.com yieldmo.com
Sublime.xyz,sublime.xyz,5,9,adyoulike.com appnexus.com improvedigital.com rubiconproject.com xandr.com
TradPlus,tradplusad.com,5,6,improvedigital.com media.net openx.com pubmatic.com themediagrid.com
"Trion.io, Inc.",trioninteractive.com,5,5,appnexus.com lijit.com pubmatic.com sharethrough.com xandr.com
Unruly Group Ltd,video.unrulymedia.com,5,7,loopme.com openx.com pubmatic.com sharethrough.com smartadserver.com
Velonium LTD,velonium.com,5,5,appnexus.com conversantmedia.com improvedigital.com lijit.com xandr.com
"Vitor Media, LLC",vitor.media,5,8,appnexus.com lijit.com pubmatic.com video.unrulymedia.com xandr.com
WeMass,wemass.com,5,5,appnexus.com pubmatic.com sharethrough.com smartadserver.com xandr.com
West Seven,westseven.media,5,6,amxrtb.com aps.amazon.com lijit.com pubmatic.com sharethrough.com
Westcoast Technology Limited,adreact.com,5,5,adform.com appnexus.com lijit.com themediagrid.com xandr.com
Winvid TV,winvid.tv,5,8,freewheel.tv lijit.com onetag.com rubiconproject.com sharethrough.com
Woven Audience Network,wovenaudience.com,5,5,nativo.com onetag.com rubiconproject.com seedtag.com triplelift.com
Yield IT,yieldit.nl,5,5,pubmatic.com sharethrough.com smartadserver.com teads.tv themediagrid.com
YieldMonk Technologies LLC,yieldmonk.com,5,5,appnexus.com aps.amazon.com lijit.com video.unrulymedia.com xandr.com
adgoat.io,mydeals365.com,5,7,amxrtb.com appnexus.com openx.com triplelift.com xandr.com
catapultx,catapultx.com,5,6,adyoulike.com amxrtb.com pubmatic.com sharethrough.com video.unrulymedia.com
ironSource Mobile Ltd,is.com,5,5,inmobi.com lijit.com pubmatic.com teads.tv themediagrid.com
ozone,ozoneproject.com,5,5,amxrtb.com conversantmedia.com inmobi.com lijit.com sharethrough.com
ALBERT D. MATALON CO LTD. (AppAspect),appaspect.com,4,5,appnexus.com sharethrough.com smartadserver.com xandr.com
ALLIANCE GRAVITY DATA MEDIA,alliancegravity.com,4,4,adform.com adyoulike.com appnexus.com xandr.com
ASCENT PRO TECHNOLOGY LIMITED,toponad.net,4,4,conversantmedia.com risecodes.com rubiconproject.com smaato.com
Adfactor BV,adalliance.nl,4,4,appnexus.com indexexchange.com pubmatic.com xandr.com
Aditude [HB],aditude.com,4,4,adyoulike.com improvedigital.com seedtag.com triplelift.com
Adnuro IRE Ltd,adnuro.com,4,6,lijit.com pubmatic.com rubiconproject.com triplelift.com
Adrenalead,adrenalead.com,4,5,adyoulike.com improvedigital.com themediagrid.com video.unrulymedia.com
Advibe Media FZE,advibe.media,4,4,appnexus.com rubiconproject.com video.unrulymedia.com xandr.com
Adways,adways.com,4,4,adyoulike.com appnexus.com themediagrid.com xandr.com
Answer,answermedia.com,4,4,amxrtb.com appnexus.com lijit.com xandr.com
Appbroda,appbroda.com,4,7,conversantmedia.com pubmatic.com sharethrough.com smartadserver.com
Atas Digital Pte Ltd,atasdigital.com,4,5,lijit.com pubmatic.com rubiconproject.com video.unrulymedia.com
AxiomMediaLtd,axiommedia.co,4,20,freewheel.tv pubmatic.com teads.tv video.unrulymedia.com
"Azerion Technology B.V. - TargetSpot, Inc.",targetspot.com,4,7,appnexus.com improvedigital.com rubiconproject.com xandr.com
Bandsintown Amplified LLC,bandsintown.com,4,9,appnexus.com rubiconproject.com triplelift.com xandr.com
Behrentz Media ApS,behrentzmedia.dk,4,4,adform.com appnexus.com rubiconproject.com xandr.com
Beintoo,beintoo.com,4,4,pubmatic.com sharethrough.com smartadserver.com themediagrid.com
BidInfluence,bidinfluence.com,4,4,adyoulike.com freewheel.tv improvedigital.com lijit.com
Bidfluence Inc,bidfluence.com,4,4,aps.amazon.com lijit.com rubiconproject.com sharethrough.com
Bitabeats Media Ltd. Corp.,bitabeats.com,4,4,conversantmedia.com seedtag.com sharethrough.com smartadserver.com
BoardingArea,boardingarea.com,4,4,kargo.com sharethrough.com smartadserver.com video.unrulymedia.com
CMC CITY MEDIA COMMUNICATIONS SPÓŁKA Z OGRANICZONĄ ODPOWIEDZIALNOŚCIĄ,cmcmedia.pl,4,4,openx.com rubiconproject.com sharethrough.com smartadserver.com
COED Media,coedmedia.com,4,7,media.net openx.com rubiconproject.com sharethrough.com
CereOneMediapteltd,cereone.com,4,18,freewheel.tv rubiconproject.com sharethrough.com smartadserver.com
Click Performance GmbH,click-performance.com,4,4,pubmatic.com sharethrough.com smartadserver.com triplelift.com
Complex,complex.com,4,5,amxrtb.com lijit.com pubmatic.com rubiconproject.com
Contentvista Solutions LLC,kiviads.com,4,7,conversantmedia.com pubmatic.com sharethrough.com smartadserver.com
Contxtful,getreceptiv.com,4,4,gumgum.com openx.com seedtag.com triplelift.com
Criteo - Commerce Grid (SSP),themediagrid.com,4,4,appnexus.com loopme.com themediagrid.com xandr.com
Data Tailor INC.,datatailor.co.jp,4,4,aps.amazon.com gumgum.com rubiconproject.com themediagrid.com
DigiMedLLC,digimedllc.com,4,4,lijit.com sharethrough.com smartadserver.com video.unrulymedia.com
EYE CONIC SPOT LLC,eyeconicspot.com,4,4,improvedigital.com lijit.com media.net pubmatic.com
Elemental TV LLC,elementaltv.com,4,4,lijit.com loopme.com media.net pubmatic.com
Eniro AB,eniro.se,4,4,adform.com appnexus.com rubiconproject.com xandr.com
Entravision Communications Corporation,entravision.com,4,4,rubiconproject.com sharethrough.com smartadserver.com video.unrulymedia.com
Eye Popper Digital,eyepopperdigital.com,4,4,conversantmedia.com lijit.com media.net sharethrough.com
Firstid,first-id.fr,4,4,adform.com pubmatic.com sharethrough.com smartadserver.com
Flat Media Global pte ltd,flat-ads.com,4,5,freewheel.tv pubmatic.com themediagrid.com video.unrulymedia.com
"Fuse, LLC",fuse.tv,4,5,appnexus.com freewheel.tv loopme.com xandr.com
Gamoshi,gamoshi.com,4,4,adyoulike.com contextweb.com onetag.com pubmatic.com
Geniee Japan,genieegroup.com,4,4,amxrtb.com ogury.com teads.tv video.unrulymedia.com
Globe and Mail,theglobeandmail.com,4,6,indexexchange.com rubiconproject.com sharethrough.com smartadserver.com
Gulesider AS,gulesider.no,4,4,adform.com appnexus.com rubiconproject.com xandr.com
IMPACT DIGITAL FZ LLE,theimpact.digital,4,4,appnexus.com rubiconproject.com video.unrulymedia.com xandr.com
IdeaProgrammatic,ideanetworkeg.com,4,4,adform.com adyoulike.com sharethrough.com smartadserver.com
Illumin [HB],illumin.com,4,4,adyoulike.com improvedigital.com risecodes.com yieldmo.com
IncrementX,incrementx.com,4,6,lijit.com ogury.com onetag.com pubmatic.com
Index Exchange Inc,indexexchange.com,4,4,appnexus.com loopme.com nativo.com xandr.com
Infinety Group,infinety.hu,4,4,improvedigital.com rubiconproject.com sharethrough.com smartadserver.com
Infoplaza Network - Weather & mobility,infoplaza.nl,4,5,onetag.com pubmatic.com sharethrough.com smartadserver.com
"Intermarkets, Inc",intermarkets.net,4,15,connatix.com conversantmedia.com rubiconproject.com triplelift.com
Interscroller SRL,interscroller.com,4,4,improvedigital.com lijit.com ogury.com themediagrid.com
IvideoSmart,ivs.tv,4,7,improvedigital.com pubmatic.com sharethrough.com smartadserver.com
KMobile AB,keymobile.se,4,4,adform.com improvedigital.com pubmatic.com rubiconproject.com
Kindred Soul Pte. Ltd,kindred.co,4,4,pubmatic.com sharethrough.com smartadserver.com video.unrulymedia.com
Kinetix,kinetix.tv,4,5,adyoulike.com improvedigital.com lijit.com triplelift.com
Kontext,kontext.so,4,4,gumgum.com inmobi.com lijit.com loopme.com
Literally Media,literally.media,4,4,pubmatic.com rubiconproject.com triplelift.com video.unrulymedia.com
Maiden Marketing PTE LTD,anymindgroup.com,4,8,freewheel.tv loopme.com media.net themediagrid.com
Marketplace Bundled Deals,freewheel.com,4,5,freewheel.tv pubmatic.com sharethrough.com smartadserver.com
"MediaAd, s.r.o.",mediaad.sk,4,4,indexexchange.com sharethrough.com smartadserver.com triplelift.com
Mediastream,mediastre.am,4,4,improvedigital.com lijit.com sharethrough.com smartadserver.com
MetUP,e-volution.ai,4,5,adform.com improvedigital.com lijit.com rubiconproject.com
"MicroAd, Inc.",microad.co.jp,4,7,pubmatic.com rubiconproject.com themediagrid.com video.unrulymedia.com
Mission Media AI,missionmedia.ai,4,5,media.net sharethrough.com smartadserver.com video.unrulymedia.com
Monetize Partner Inc,mp-llc.net,4,4,aps.amazon.com gumgum.com rubiconproject.com themediagrid.com
"NGLmitu, LLC",nglmitu.com,4,7,freewheel.tv kargo.com seedtag.com sharethrough.com
NHN ACE Corporation,nhnace.com,4,4,openx.com rubiconproject.com sharethrough.com smartadserver.com
Netpub.media [HB],netpub.media,4,4,adyoulike.com amxrtb.com improvedigital.com onetag.com
Newsweek Publishing LLC,newsweek.com,4,6,freewheel.tv onetag.com sharethrough.com smartadserver.com
"NextOVP, LLC",nextovp.com,4,4,openx.com pubmatic.com seedtag.com video.unrulymedia.com
Nokta,noktamedya.com,4,4,amxrtb.com appnexus.com themediagrid.com xandr.com
ONE BRAND STUDIO,thetamarketplace.com,4,4,adform.com rubiconproject.com sharethrough.com smartadserver.com
OTT Advisors LLC,ottadvisors.com,4,4,lijit.com sharethrough.com smartadserver.com video.unrulymedia.com
Objective Serviços de Internet LTDA.,object1ve.com,4,4,rubiconproject.com sharethrough.com smartadserver.com teads.tv
OncoreDigital,oncoredigital.com,4,5,lijit.com nativo.com openx.com risecodes.com
Optima Network SL,optima.tech,4,4,improvedigital.com nativo.com smartadserver.com triplelift.com
Pijper Publishing,pijpermedia.nl,4,5,adyoulike.com amxrtb.com sharethrough.com smartadserver.com
Planet Nine Media B.V.,planetnine.com,4,4,appnexus.com gumgum.com seedtag.com xandr.com
Pop Media Oy,popmedia.fi,4,4,adform.com indexexchange.com pubmatic.com rubiconproject.com
Powerbeans LTD,powerbeans.cloud,4,4,lijit.com pubmatic.com sharethrough.com smartadserver.com
Prado Media Ltd.,prado.co,4,4,appnexus.com improvedigital.com pubmatic.com xandr.com
"Publisher First, Inc.",freestar.io,4,4,gumgum.com sharethrough.com smartadserver.com teads.tv
Qortex,qortex.ai,4,4,lijit.com openx.com sharethrough.com smartadserver.com
R4 Soluções de Mídia Ltda.,r4you.co,4,4,appnexus.com pubmatic.com teads.tv xandr.com
Refine Direct,refine.direct,4,4,adform.com appnexus.com pubmatic.com xandr.com
ReklamStore,reklamstore.com,4,4,appnexus.com improvedigital.com themediagrid.com xandr.com
Rev Content,revcontent.com,4,6,adyoulike.com connatix.com smaato.com themediagrid.com
Russmedia Digital,russmedia.com,4,5,adform.com improvedigital.com pubmatic.com rubiconproject.com
SARL QWERTIZE,qwertize.com,4,5,improvedigital.com rubiconproject.com sharethrough.com smartadserver.com
Score Media,score-media.de,4,4,adform.com pubmatic.com sharethrough.com smartadserver.com
Screenil,screenil.com,4,5,media.net onetag.com sharethrough.com smartadserver.com
Shinez I.O.,shinez.io,4,7,aps.amazon.com lijit.com sharethrough.com smartadserver.com
Silverpush Global PTE Ltd,chocolateplatform.com,4,4,lijit.com pubmatic.com sharethrough.com smartadserver.com
Simply Media Group Limited,simplymediagroup.co.uk,4,4,connatix.com rubiconproject.com sharethrough.com smartadserver.com
"Simulmedia, Inc",playerwon.com,4,4,improvedigital.com indexexchange.com rubiconproject.com seedtag.com
Smartclip ES SSP,smartclip.net,4,4,adform.com pubmatic.com sharethrough.com smartadserver.com
Smartivi Inc,smartivi.ai,4,4,conversantmedia.com improvedigital.com lijit.com video.unrulymedia.com
Smrtconnect,smrtconnect.com,4,4,adyoulike.com conversantmedia.com lijit.com loopme.com
SocietyAlphaInc.,societyalpha.tv,4,7,freewheel.tv pubmatic.com sharethrough.com smartadserver.com
Stroeer Digital Media GmbH,stroeer.com,4,4,onetag.com pubmatic.com teads.tv triplelift.com
TQC Solutions Joint Stock Company,pubfuture.com,4,4,connatix.com pubmatic.com seedtag.com smaato.com
Targetbetter,targetbetter.com,4,4,adyoulike.com improvedigital.com lijit.com triplelift.com
"TheViewPoint Media, Inc.",theviewpoint.com,4,8,freewheel.tv sharethrough.com smartadserver.com video.unrulymedia.com
Thematic Digital SRL,thematicdigital.ro,4,4,adform.com sharethrough.com smartadserver.com teads.tv
ToLocal BV,tolocal.nl,4,4,appnexus.com rubiconproject.com teads.tv xandr.com
Trafficrich [HB],trafficrich.com,4,4,adyoulike.com amxrtb.com lijit.com rubiconproject.com
Trendesk.tv LLC - Bidfuse,bidfuse.com,4,4,conversantmedia.com improvedigital.com lijit.com video.unrulymedia.com
USA Today Sports Media Group,gannett.com,4,4,aps.amazon.com gumgum.com indexexchange.com triplelift.com
Unblockia SL,unblockia.com,4,4,adform.com onetag.com openx.com themediagrid.com
Unifast Media B.V.,unifastmedia.com,4,4,conversantmedia.com freewheel.tv teads.tv video.unrulymedia.com
Unity Technologies - Supply,unity3d.com,4,4,indexexchange.com inmobi.com nativo.com triplelift.com
Ureka Media Corporation,urekamedia.com,4,5,pubmatic.com rubiconproject.com sharethrough.com smartadserver.com
VFR Assets and Holdings Ltd.,vfr.ai,4,4,connatix.com sharethrough.com smartadserver.com video.unrulymedia.com
VGI CTV,lkqd.com,4,4,lijit.com loopme.com smaato.com themediagrid.com
VOLANTIS DIGITAL MEDIA PTE LTD,volantisdigital.com,4,7,lijit.com pubmatic.com sharethrough.com smartadserver.com
Venatus Media Ltd.,venatusmedia.com,4,32,freewheel.tv gumgum.com pubmatic.com video.unrulymedia.com
Video Elephant Limited,videoelephant.tv,4,4,loopme.com sharethrough.com smartadserver.com triplelift.com
Vidillion Corp,vidillion.com,4,5,connatix.com openx.com sharethrough.com smartadserver.com
"Vitor Media, LLC",vitormedia.com,4,4,conversantmedia.com media.net sharethrough.com smartadserver.com
Viznet,viznet.tv,4,7,freewheel.tv sharethrough.com smartadserver.com teads.tv
Vlion,advlion.com,4,4,risecodes.com sharethrough.com smartadserver.com video.unrulymedia.com
WAM Group LTD,admixplay.com,4,5,adform.com media.net pubmatic.com sharethrough.com
WayToGrow,waytogrow.com,4,4,adform.com amxrtb.com themediagrid.com triplelift.com
Webads Nl,webads.nl,4,4,amxrtb.com onetag.com seedtag.com themediagrid.com
WheneverMediaLtd,whenevermedia.com,4,9,freewheel.tv improvedigital.com lijit.com media.net
Winvid Media LTD,winvid.co,4,4,openx.com sharethrough.com smartadserver.com video.unrulymedia.com
YangoAds,yango-ads.com,4,4,improvedigital.com lijit.com rubiconproject.com video.unrulymedia.com
e-Healthcare Solutions LLC,ehealthcaresolutions.com,4,4,appnexus.com media.net ogury.com xandr.com
foxpush,foxpush.com,4,4,seedtag.com sharethrough.com smartadserver.com triplelift.com
iMediaSalesTeam,imediaaudiences.com,4,5,appnexus.com pubmatic.com rubiconproject.com xandr.com
mso digital GmbH,mso-digital.de,4,4,adform.com aps.amazon.com pubmatic.com video.unrulymedia.com
10up Inc.,10up.com,3,3,lijit.com rubiconproject.com triplelift.com
234 d.o.o.,234.hr,3,3,lijit.com sharethrough.com smartadserver.com
ADLEAVE,adleave.com,3,3,rubiconproject.com sharethrough.com smartadserver.com
ADPIXEL MEDIA FZE,adpixelgroup.com,3,3,appnexus.com video.unrulymedia.com xandr.com
ADTARGET MEDYA A.S.,adtarget.com.tr,3,3,adform.com amxrtb.com pubmatic.com
ARKANA K.K.,arkana.co.jp,3,3,appnexus.com video.unrulymedia.com xandr.com
AdRoot Technologies LLC,adroot.io,3,3,ogury.com rubiconproject.com seedtag.com
AdSocy,adsocy.com,3,3,appnexus.com themediagrid.com xandr.com
Adlive [HB],adlive.io,3,3,adyoulike.com aps.amazon.com improvedigital.com
Adtraction Limited,plexpeer.com,3,3,connatix.com sharethrough.com smartadserver.com
Advant Technology Limited,advanttechnology.com,3,6,conversantmedia.com pubmatic.com rubiconproject.com
Adviddo EOOD,adviddo.com,3,3,connatix.com sharethrough.com smartadserver.com
Agile Content S.A.,agilecontent.com,3,4,freewheel.tv sharethrough.com smartadserver.com
Alchemy Advertising Pvt Ltd,andbeyond.media,3,4,aps.amazon.com lijit.com video.unrulymedia.com
Anoki.TV,anoki.tv,3,3,seedtag.com sharethrough.com smartadserver.com
App Sheep,appsheep.com,3,7,adyoulike.com improvedigital.com lijit.com
AppNexus Xandr,xandr.com,3,4,contextweb.com improvedigital.com nativo.com
Arbigo,arbigo.com,3,3,adyoulike.com appnexus.com xandr.com
Arena.IM,arena.im,3,3,connatix.com sharethrough.com smartadserver.com
Arkway,arkway.co,3,5,lijit.com sharethrough.com smartadserver.com
ArtChaos s.r.o.,silvermob.com,3,3,appnexus.com pubmatic.com xandr.com
"Audacy Operations, Inc.",audacy.com,3,3,conversantmedia.com improvedigital.com rubiconproject.com
Avantis Team Ltd,browsi.com,3,3,media.net themediagrid.com video.unrulymedia.com
Avantis Video,avantisvideo.com,3,3,adform.com pubmatic.com rubiconproject.com
BRNDTS Corp.,brndts.com,3,3,improvedigital.com lijit.com rubiconproject.com
"Bab Software Applications, S.L.",wearebab.com,3,3,seedtag.com sharethrough.com smartadserver.com
Better Collective EU,bettercollective.com,3,3,gumgum.com improvedigital.com seedtag.com
BetweenX,betweenx.com,3,3,adyoulike.com amxrtb.com media.net
Bidease,bidease.com,3,3,conversantmedia.com pubmatic.com video.unrulymedia.com
BitCentral,bitcentral.com,3,3,gumgum.com triplelift.com video.unrulymedia.com
BitCentral Inc.,viewnexa.com,3,3,connatix.com conversantmedia.com media.net
Blis,blis.com,3,3,pubmatic.com rubiconproject.com themediagrid.com
Boarding School Review,boardingschoolreview.com,3,3,conversantmedia.com seedtag.com video.unrulymedia.com
Business Advertising GmbH,businessad.de,3,3,improvedigital.com openx.com teads.tv
CCM Benchmark Group,ccmbenchmark.com,3,3,gumgum.com sharethrough.com smartadserver.com
"CMI Marketing, Inc. d/b/a CafeMedia #InternetBrands",internetbrands.com,3,6,kargo.com pubmatic.com video.unrulymedia.com
CYBER MEDIA SERVICES PTE.LTD,auxoads.com,3,4,ogury.com pubmatic.com rubiconproject.com
Captiv.ai,captiv.ai,3,3,adyoulike.com conversantmedia.com lijit.com
Carliba Media Ltd,carliba.io,3,3,lijit.com onetag.com rubiconproject.com
Cinedigm Corp.,cinedigm.com,3,3,conversantmedia.com teads.tv triplelift.com
Cinepulse.io,cinepulse.io,3,5,lijit.com sharethrough.com smartadserver.com
Cineverse,cineverse.com,3,3,freewheel.tv media.net nativo.com
"Colo IP Networks, LLC",coloip.com,3,3,appnexus.com conversantmedia.com xandr.com
Core Media,core-media.fr,3,3,adyoulike.com improvedigital.com rubiconproject.com
DA Media Management,mngmnt.de,3,3,gumgum.com onetag.com seedtag.com
DAILYFRESH MEDIA,admysports.com,3,3,rubiconproject.com seedtag.com teads.tv
DEMIROREN REKLAM VE YATIRIM A.S.,medyanetbrandstudio.com,3,3,rubiconproject.com sharethrough.com smartadserver.com
DPG Media BE,dpgmedia.be,3,3,appnexus.com freewheel.tv xandr.com
Decido.io,decido.io,3,3,lijit.com sharethrough.com triplelift.com
Define Media [HB],definemedia.de,3,3,adyoulike.com improvedigital.com themediagrid.com
Det Nordjyske Mediehus A/S,jubii.dk,3,3,appnexus.com rubiconproject.com xandr.com
Digital Solution International Company Limited,ad360.live,3,3,appnexus.com pubmatic.com xandr.com
E-BOREALIS Lda.,e-borealis.com,3,3,appnexus.com themediagrid.com xandr.com
EDGE Social Ltd,edge226.com,3,5,freewheel.tv sharethrough.com smartadserver.com
Edge226,dauup.com,3,5,lijit.com smaato.com video.unrulymedia.com
Edisound,edisound.com,3,3,improvedigital.com sharethrough.com smartadserver.com
Egami.tv LLC,egami.tv,3,3,openx.com pubmatic.com video.unrulymedia.com
Elemental TV LLC,app.elementaltv.io,3,3,conversantmedia.com loopme.com video.unrulymedia.com
Elite Street LLC,mobimight.com,3,6,conversantmedia.com pubmatic.com video.unrulymedia.com
Engage Media TV LTD,engagemedia.tv,3,3,improvedigital.com loopme.com video.unrulymedia.com
Escalax,escalax.io,3,5,adyoulike.com improvedigital.com media.net
Exit Bee Limited,exitbee.com,3,3,improvedigital.com sharethrough.com smartadserver.com
FOMOTVUK,fomo-tv.com,3,8,freewheel.tv lijit.com loopme.com
FRAME ADVERTISING LIMITED,frameadvertising.com,3,4,freewheel.tv loopme.com teads.tv
Factinate.Com,factinate.com,3,4,amxrtb.com sharethrough.com smartadserver.com
FloSports Inc.,flosports.tv,3,4,inmobi.com teads.tv themediagrid.com
Frameplay Corporation,frameplay.gg,3,3,appnexus.com rubiconproject.com xandr.com
Frameplay Corporation,frameplay.com,3,3,loopme.com media.net video.unrulymedia.com
FreeWheel SSP,freewheel.tv,3,3,appnexus.com pubmatic.com xandr.com
GMO NIKKO Inc.,gmossp-sp.jp,3,3,appnexus.com themediagrid.com xandr.com
Gamoshi,gamoshi.io,3,3,sharethrough.com smartadserver.com triplelift.com
Ginger AD,ginger.ad,3,3,adyoulike.com lijit.com rubiconproject.com
GingerAd SAS,gingerad.com,3,3,appnexus.com sharethrough.com xandr.com
GoGo CTV,gogoctv.com,3,3,pubmatic.com sharethrough.com smartadserver.com
Good Move S.r.l.,goodmove.media,3,3,adform.com rubiconproject.com seedtag.com
Gotchosen,gotchosen.com,3,4,amxrtb.com pubmatic.com rubiconproject.com
GothamAds LLC,gothamads.com,3,3,conversantmedia.com freewheel.tv themediagrid.com
Gramica,gramica-africa.com,3,3,sharethrough.com smartadserver.com teads.tv
Groupe Ouest-France,20minutes.fr,3,4,pubmatic.com sharethrough.com triplelift.com
Hax Media,haxmediapartners.com,3,6,adyoulike.com freewheel.tv onetag.com
Hexagram Advertising Exchange,pubocean.com,3,3,conversantmedia.com lijit.com pubmatic.com
HicMobile,hicmobile.com,3,3,adform.com sharethrough.com smartadserver.com
Hispanic Exchange,numatec.com,3,3,sharethrough.com smartadserver.com triplelift.com
Hive Media [OW],hivemedia.com,3,3,adyoulike.com lijit.com pubmatic.com
Hometalk,verticalscope.com,3,4,amxrtb.com sharethrough.com video.unrulymedia.com
Hoppr - StarHub,hopprtv.com,3,3,indexexchange.com sharethrough.com smartadserver.com
I.R.V. d.o.o.,contentexchange.me,3,3,adform.com sharethrough.com smartadserver.com
IB Times,ibtimes.com,3,3,amxrtb.com sharethrough.com smartadserver.com
IGOAL SOLUCOES EM TECNOLOGIA LTDA.,igoal.com.br,3,3,seedtag.com sharethrough.com smartadserver.com
Innity Sdn Bhd,innity.com,3,3,openx.com sharethrough.com smartadserver.com
Intercept Interactive Inc.,undertone.com,3,5,openx.com pubmatic.com rubiconproject.com
Juice Bar Ads,juicebarads.com,3,3,sharethrough.com smartadserver.com teads.tv
JustPremium,justpremium.com,3,3,pubmatic.com sharethrough.com smartadserver.com
KLEEKR,kleekr.com,3,3,adyoulike.com sharethrough.com themediagrid.com
KONODRAC SL,konodrac.com,3,3,freewheel.tv sharethrough.com smartadserver.com
Kiosked,kiosked.com,3,3,appnexus.com pubmatic.com xandr.com
LG,lg.com,3,3,improvedigital.com openx.com teads.tv
"Lanista Concepts, LLC",lanistaconcepts.com,3,3,openx.com rubiconproject.com sharethrough.com
LeeadsAdProfit AB,leeadsadprofit.com,3,5,adform.com indexexchange.com pubmatic.com
Life of Svea AB,lifeofsvea.se,3,3,appnexus.com indexexchange.com xandr.com
"LiveIntent, Inc.",liveintent.com,3,3,appnexus.com lijit.com xandr.com
"Logly, Inc",logly.co.jp,3,3,pubmatic.com rubiconproject.com themediagrid.com
M32 Media Inc.,m32.media,3,3,appnexus.com indexexchange.com xandr.com
MQuest Group,mquestgroup.com,3,3,lijit.com sharethrough.com smartadserver.com
MVS Radio,mvs.com,3,3,improvedigital.com sharethrough.com smartadserver.com
Magnite,magnite.com,3,3,connatix.com sharethrough.com smartadserver.com
Maiden Marketing Pte Ltd,pokkt.com,3,4,pubmatic.com sharethrough.com smartadserver.com
Mangox.pte.ltd.,mangomob.net,3,4,inmobi.com pubmatic.com smaato.com
Marktube Group,marktubegroup.com,3,3,aps.amazon.com lijit.com teads.tv
Mas Medios Chile,masmedioschile.cl,3,3,seedtag.com sharethrough.com smartadserver.com
Media16,media16.tv,3,9,freewheel.tv openx.com pubmatic.com
Mediekompaniet Narhet HB,mediekompaniet.com,3,3,indexexchange.com pubmatic.com rubiconproject.com
Melon Reklam,melonreklam.com,3,3,lijit.com sharethrough.com smartadserver.com
Membrana Europe BV,membrana.media,3,3,inmobi.com lijit.com risecodes.com
Meta Network,metajoy.io,3,3,sharethrough.com smartadserver.com triplelift.com
Metup,metup.it,3,4,amxrtb.com indexexchange.com triplelift.com
Mile Tech,mile.tech,3,3,amxrtb.com nativo.com seedtag.com
Mind Tank Media LLC,mindtankmedia.com,3,3,lijit.com sharethrough.com smartadserver.com
MoPub Inc.,mopub.com,3,3,appnexus.com blis.com xandr.com
MobkoiLimited,mobkoi.com,3,7,freewheel.tv sharethrough.com smartadserver.com
"Mobwith Co., Ltd",mixer.mobon.net,3,4,pubmatic.com sharethrough.com smartadserver.com
Monetumo ApS,monetumo.com,3,3,conversantmedia.com inmobi.com rubiconproject.com
Motiv Intelligence Inc.,motiv-i.com,3,5,pubmatic.com themediagrid.com video.unrulymedia.com
Mow Player,mowplayer.com,3,3,amxrtb.com sharethrough.com smartadserver.com
Multichanel Network Sp.z.o.o.,mcnetwork.pl,3,3,adform.com sharethrough.com smartadserver.com
"Multimerica AdEX, LLC",multimericamedia.com,3,4,lijit.com pubmatic.com triplelift.com
Must Digital Agency - oRTB,mustdigitalagency.com,3,4,sharethrough.com smartadserver.com triplelift.com
NTT Docomo,docomo.ne.jp,3,5,indexexchange.com openx.com themediagrid.com
Nativery srl,nativery.com,3,3,appnexus.com onetag.com xandr.com
Neo Era Media Inc,neo-era.com,3,3,aps.amazon.com pubmatic.com rubiconproject.com
Neuwo AI Oy,neuwo.ai,3,3,rubiconproject.com sharethrough.com smartadserver.com
Nexxen SSP,nexxen.com,3,3,sharethrough.com smaato.com video.unrulymedia.com
Nostemedia Oy,nostemedia.fi,3,3,adform.com pubmatic.com rubiconproject.com
Nuclion.io,nuclion.io,3,3,adform.com amxrtb.com improvedigital.com
ODK Media,odkmedia.net,3,4,sharethrough.com smartadserver.com teads.tv
OmnifyTV,omnifytv.com,3,4,adyoulike.com lijit.com media.net
One.Co.Il,one.co.il,3,4,amxrtb.com freewheel.tv lijit.com
Orange,orange.fr,3,5,aps.amazon.com pubmatic.com triplelift.com
Origin Media Inc.,originmedia.tv,3,5,freewheel.tv lijit.com pubmatic.com
"Origin Snow Grav Technology Co., Limited",osgdigital.net,3,3,openx.com rubiconproject.com themediagrid.com
Otonal Inc.,otonal.co.jp,3,3,rubiconproject.com sharethrough.com smartadserver.com
Outside Television Inc.,outsideinc.com,3,5,appnexus.com freewheel.tv xandr.com
Oveeo,oveeo.com,3,3,amxrtb.com connatix.com lijit.com
Overwolf,overwolf.com,3,3,nativo.com triplelift.com video.unrulymedia.com
PaperLit,paperlit.com,3,3,sharethrough.com smartadserver.com themediagrid.com
Paxa Media Holdings LLC,paxamedia.com,3,4,conversantmedia.com media.net ogury.com
Pixecutive Ltd,ketchupadv.com,3,3,aps.amazon.com sharethrough.com smartadserver.com
Pixelpluses,pixelpluses.com,3,3,lijit.com sharethrough.com smartadserver.com
Place Exchange,placeexchange.com,3,3,contextweb.com sharethrough.com smartadserver.com
"Platform One, Inc.",impact-ad.jp,3,4,pubmatic.com rubiconproject.com themediagrid.com
Powerspace,powerspace.com,3,3,adyoulike.com sharethrough.com smartadserver.com
Pragma Consult,programme-tv.com,3,3,adyoulike.com appnexus.com xandr.com
Pub Ventures Media Corp,pubventuresmedia.com,3,3,appnexus.com risecodes.com xandr.com
Pubs Fusion Private Limited,pubsfusion.com,3,3,conversantmedia.com improvedigital.com lijit.com
QUANT-X,quantum-advertising.com,3,7,appnexus.com improvedigital.com xandr.com
QUANTIVE  TECHNOLOGIES LTD,qntv.io,3,3,improvedigital.com ogury.com video.unrulymedia.com
RMB,rmb.be,3,3,improvedigital.com sharethrough.com smartadserver.com
RTK.io,rtk.io,3,4,pubmatic.com sharethrough.com video.unrulymedia.com
Reach Plc,reachplc.com,3,3,indexexchange.com kargo.com sharethrough.com
Red Pineapple Media GmbH,redpineapplemedia.com,3,4,appnexus.com freewheel.tv xandr.com
Red View Media,redviewmedia.com,3,3,adform.com appnexus.com xandr.com
Rediads private limited,rediads.com,3,4,media.net pubmatic.com triplelift.com
Rtb Demand,rtbdemand.com,3,12,amxrtb.com openx.com triplelift.com
Rumble,rumble.com,3,3,pubmatic.com sharethrough.com smartadserver.com
SMX,smx.sg,3,3,inmobi.com kargo.com themediagrid.com
Sabio Inc,sabio.inc,3,3,connatix.com sharethrough.com smartadserver.com
SerpensX S.r.l.,serpensx.com,3,3,adform.com pubmatic.com rubiconproject.com
ShowMeTV,showmetelevision.com,3,3,gumgum.com pubmatic.com video.unrulymedia.com
Sinclair Broadcast Group,sbgi.net,3,4,freewheel.tv inmobi.com seedtag.com
Sky Italia,sky.it,3,5,ogury.com openx.com triplelift.com
Sky UK Limited,sky.com,3,5,indexexchange.com lijit.com seedtag.com
Sliide / T-Mobile,sliide.com,3,4,nativo.com themediagrid.com triplelift.com
Smart Exchange,adsmartx.ai,3,3,lijit.com loopme.com risecodes.com
SmartBidUK,smartbid.ai,3,6,freewheel.tv improvedigital.com lijit.com
Snackable Media,snackablemedia.com,3,3,amxrtb.com inmobi.com openx.com
Softonic [HB],en.softonic.com,3,3,adyoulike.com sharethrough.com smartadserver.com
Solitairen OOD,pubmonetize.io,3,3,connatix.com pubmatic.com seedtag.com
SpinX,spinx.io,3,3,adyoulike.com sharethrough.com smartadserver.com
"SportX, LLC",sportxads.com,3,5,lijit.com loopme.com sharethrough.com
Ssmas,ssmas.com,3,3,amxrtb.com inmobi.com video.unrulymedia.com
StreamAMP,streamamp.com,3,3,conversantmedia.com pubmatic.com sharethrough.com
StreamAMP Ltd,streamamp.co.uk,3,3,lijit.com sharethrough.com smartadserver.com
StreamAds B.V.,tunnl.com,3,5,appnexus.com triplelift.com xandr.com
StreamVantage Inc.,streamvantage.tv,3,3,connatix.com sharethrough.com video.unrulymedia.com
StreamVision Media LLC,streamvisionmedia.com,3,4,connatix.com conversantmedia.com pubmatic.com
Streamix Ltd,streamix-tv.com,3,3,loopme.com triplelift.com video.unrulymedia.com
Sunday Market,sunday.market,3,3,amxrtb.com smaato.com triplelift.com
Supership Inc. (Ad Generation),supership.jp,3,5,appnexus.com aps.amazon.com xandr.com
TURKUVAZ REKLAM PAZARLAMA DANIŞMANLIK A.Ş.,turkuvazreklampazarlama.com,3,3,adform.com sharethrough.com smartadserver.com
TV Azteca S.A.B. de C.V.,tvazteca.com,3,3,conversantmedia.com sharethrough.com smartadserver.com
TVCoins,tvcoins.com,3,3,lijit.com sharethrough.com smartadserver.com
TVisionary,tvisionary.co,3,3,lijit.com rubiconproject.com video.unrulymedia.com
Tagoras,tagoras.io,3,3,lijit.com media.net rubiconproject.com
Tastemade,tastemade.com,3,7,freewheel.tv teads.tv video.unrulymedia.com
The Arena Group,thearenagroup.net,3,3,aps.amazon.com connatix.com lijit.com
The Mobile Agency AB,themobileagency.se,3,3,adform.com pubmatic.com rubiconproject.com
Tivo,tivo.com,3,4,pubmatic.com teads.tv video.unrulymedia.com
Tri-table Sp. z o.o.,tri-table.com,3,3,ogury.com openx.com triplelift.com
Triple- B Media- RTB,tripleb.tv,3,4,sharethrough.com triplelift.com video.unrulymedia.com
Turkuvaz Reklam Pazarlama Danışmanlık A.Ş.,sabah.com.tr,3,3,appnexus.com triplelift.com xandr.com
Ubrik Video,ubrikvideo.com,3,3,adform.com conversantmedia.com triplelift.com
Vendo Nexus Ltd,vendonexus.com,3,3,aps.amazon.com rubiconproject.com video.unrulymedia.com
Vertis Media Limited,vertismedia.co.uk,3,3,rubiconproject.com seedtag.com themediagrid.com
Video Elephant,videoelephant.com,3,3,lijit.com sharethrough.com video.unrulymedia.com
Visoon Video Impact GmbH & Co. KG,visoon.de,3,3,adform.com sharethrough.com smartadserver.com
WECALL INTERNATIONAL LTD,wecallmedia.com,3,5,freewheel.tv sharethrough.com smartadserver.com
WayToGrow Sp. zo.o. Sp. k.,waytogrow.pl,3,4,appnexus.com openx.com xandr.com
WebAds SP,webads.es,3,3,appnexus.com teads.tv xandr.com
Webads It,webads.it,3,3,amxrtb.com teads.tv themediagrid.com
Webedia,webedia-group.com,3,3,lijit.com ogury.com themediagrid.com
Weborama NL B.V.,weborama.nl,3,3,appnexus.com improvedigital.com xandr.com
Weegooadscom,weegooads.com,3,3,sharethrough.com smartadserver.com video.unrulymedia.com
Wirtualna Polska Media S.A.,wp.pl,3,4,indexexchange.com openx.com triplelift.com
Wonderus.fi,wonderus.fi,3,3,appnexus.com kargo.com xandr.com
Y8,y8.com,3,3,amxrtb.com sharethrough.com smartadserver.com
"ZEDO, Inc.",zedo.com,3,4,lijit.com openx.com pubmatic.com
Zeta,zetaglobal.net,3,3,pubmatic.com sharethrough.com smartadserver.com
Zeta Global Corp,zetaglobal.com,3,3,indexexchange.com inmobi.com pubmatic.com
adbility media GmbH,adbility-media.com,3,4,appnexus.com freewheel.tv xandr.com
adhousedigital,adhousedijital.com,3,3,sharethrough.com smartadserver.com themediagrid.com
ayeT-Studios GmbH,ayetstudios.com,3,3,improvedigital.com rubiconproject.com smaato.com
crackle.tech,crackle.tech,3,4,pubmatic.com rubiconproject.com video.unrulymedia.com
criteo,criteo.com,3,4,improvedigital.com pubmatic.com themediagrid.com
eReleGo Technologies Pvt. Ltd.,ergadx.com,3,6,aps.amazon.com pubmatic.com rubiconproject.com
iPROM doo,iprom.si,3,3,sharethrough.com smartadserver.com themediagrid.com
loyal.app,loyal.app,3,3,adyoulike.com conversantmedia.com improvedigital.com
olyzon,olyzon.tv,3,4,pubmatic.com sharethrough.com smartadserver.com
saambaa LLC,go.saambaa.com,3,3,conversantmedia.com undertone.com yieldmo.com
skafidia sa,mango.mp,3,3,lijit.com pubmatic.com triplelift.com
360ops.com,360ops.com,2,2,lijit.com openx.com
365 Hub,365hub.tv,2,2,lijit.com pubmatic.com
99 Spokes,99spokes.com,2,2,sharethrough.com smartadserver.com
A View From My Seat,aviewfrommyseat.com,2,2,onetag.com themediagrid.com
A4G,a4g.com,2,2,sharethrough.com smartadserver.com
ADSCHOLARS COLLECTIVE MARKETING MANAGEMENT LLC,adscholars.com,2,2,improvedigital.com lijit.com
ADTXTMARKETINC,adstxtmarket.com,2,5,freewheel.tv video.unrulymedia.com
ALTARES - D&B SI,manageo.fr,2,2,appnexus.com xandr.com
ALZ Software Limited,clickio.it,2,2,appnexus.com xandr.com
"ANTIPODES DIGITAL, S.L.",joinantipodes.com,2,3,lijit.com pubmatic.com
"APN, LLC",iacapps.com,2,2,appnexus.com xandr.com
APP ASPIRE LLC,appaspire.com,2,3,inmobi.com pubmatic.com
ART19,art19.com,2,2,aps.amazon.com media.net
AZURE TECH,azurebid.com,2,3,inmobi.com pubmatic.com
Ad Insertion Platform,adinsertplatform.com,2,6,pubmatic.com triplelift.com
Ad6Media,ad6media.fr,2,2,sharethrough.com smartadserver.com
AdApex,apexadv.com,2,2,sharethrough.com smartadserver.com
AdDefend GmbH,addefend.com,2,2,seedtag.com themediagrid.com
AdForm A/S,adform.com,2,2,appnexus.com xandr.com
AdGage,adgage.es,2,4,sharethrough.com smartadserver.com
AdMongrel,admongrel.com,2,2,sharethrough.com smartadserver.com
AdReady,adready.com,2,2,appnexus.com xandr.com
AdSeleto,adseleto.com,2,2,aps.amazon.com seedtag.com
AdSphere360,adsphere360.com,2,3,improvedigital.com lijit.com
Adbro,adbro.me,2,2,pubmatic.com rubiconproject.com
Adflare,adflare.com,2,2,conversantmedia.com sharethrough.com
Adhouse Digital Media Ltd.,adhouse.pro,2,2,adform.com rubiconproject.com
Adinnovation Inc.,adinnovation.co.jp,2,2,rubiconproject.com themediagrid.com
"Adklip, LLC",theadengine.com,2,3,aps.amazon.com nativo.com
Admixer EU GmbH,admixer.net,2,2,adform.com rubiconproject.com
Admysports,dailyfresh-media.com,2,2,sharethrough.com smartadserver.com
Adomega,adomega.in,2,2,amxrtb.com pubmatic.com
Adrenalead  Display,moneytadz.com,2,2,sharethrough.com smartadserver.com
Adrian Marica Test 1 name aa,domain.com,2,2,connatix.com conversantmedia.com
Adspire,pregged.com,2,2,sharethrough.com smartadserver.com
Adstopia HK Limited,monetrix.ai,2,2,openx.com pubmatic.com
Advergic Pvt Ltd,advergic.com,2,2,appnexus.com xandr.com
Adverline,adverline.com,2,20,openx.com triplelift.com
Adviser AB,adviser.se,2,2,adform.com improvedigital.com
Affinity Global GmbH,opinary.com,2,2,appnexus.com xandr.com
Afront LTD,afront.io,2,2,adform.com adyoulike.com
Agora,agora.pl,2,2,amxrtb.com lijit.com
Air.tv,air.tv,2,2,pubmatic.com triplelift.com
AirKast,airkast.com,2,2,sharethrough.com smartadserver.com
Akcelo,akcelo.io,2,2,gumgum.com triplelift.com
Akhado,akhado.com,2,5,freewheel.tv pubmatic.com
Alkimi,alkimi.org,2,2,sharethrough.com smartadserver.com
All Time Digital,alltimedigital.com,2,3,amxrtb.com teads.tv
Altavara Inc.,altavara.co,2,2,connatix.com lijit.com
Amadeus IT Group S.A.,amadeus.com,2,2,appnexus.com xandr.com
Amicus STR,amicusenterprises.com,2,2,sharethrough.com smartadserver.com
AnyMind Group,motorsportnetwork.com,2,2,media.net themediagrid.com
Appads.in DBA Maiden Marketing pte ltd,appads.in,2,2,pubmatic.com rubiconproject.com
Appnerve LLC,appnerve.com,2,3,connatix.com loopme.com
Appoxis,appoxis.com,2,2,sharethrough.com smartadserver.com
Appveritas LTD,apptimism.com,2,2,media.net pubmatic.com
Arclight,stream5.tech,2,2,appnexus.com xandr.com
Arkeero,arkeero.net,2,2,appnexus.com xandr.com
AscendX Media Technologies Pte. Ltd.,ascendxnow.com,2,2,appnexus.com xandr.com
Auchan Kamino,kaminoretail.com,2,2,sharethrough.com smartadserver.com
Audience Media TV,audiencemedia.tv,2,2,appnexus.com xandr.com
Audience Solutions S.A.,netsprint.eu,2,2,appnexus.com xandr.com
Aya MGMT,ayamgmt.com,2,2,sharethrough.com smartadserver.com
BCM International LLC,bcmintl.org,2,2,sharethrough.com smartadserver.com
"BI.Garage, Inc.",garage.co.jp,2,2,appnexus.com xandr.com
BIDTOX TECHNOLOGY PTE. LTD.,bidtox.com,2,2,conversantmedia.com inmobi.com
BOMESI,1accord.io,2,2,sharethrough.com smartadserver.com
Beats Media LLC,beatsmedia.com,2,2,lijit.com teads.tv
Beglobal LLC,thebeglobal.com,2,3,conversantmedia.com pubmatic.com
BestBuy,bestbuy.com,2,2,sharethrough.com smartadserver.com
Bidcliq LLC,bidcliq.com,2,2,appnexus.com xandr.com
Bidnex Global,bidnex.com,2,2,media.net pubmatic.com
Bids Trade  LLP,bidstrade.io,2,3,conversantmedia.com improvedigital.com
"Big Edition, Inc.",bigedition.com,2,3,sharethrough.com smartadserver.com
Bigo Ads Supply,bigoads.com,2,2,indexexchange.com risecodes.com
Bigthinkinggames INC,pubsmart.ai,2,2,improvedigital.com video.unrulymedia.com
Bizzclick Corp.,bizzclick.com,2,2,adform.com lijit.com
"Blabwire Media, LLC",blabwire.com,2,2,appnexus.com xandr.com
Blackrock Streaming LLC,blackrockstreaming.com,2,2,connatix.com lijit.com
Blitz App Inc Solomid,tsm.gg,2,2,sharethrough.com smartadserver.com
Blue Eye Design Co,,2,2,sharethrough.com smartadserver.com
Boola,boola.group,2,2,sharethrough.com smartadserver.com
Bouygues Telecom,bouyguestelecom.fr,2,2,sharethrough.com smartadserver.com
Braincore,braincore.com,2,2,lijit.com triplelift.com
Bravolol,bravolol.com,2,2,sharethrough.com smartadserver.com
BrideClick,brideclick.net,2,2,lijit.com sharethrough.com
Brightcast,brightcast.com,2,2,sharethrough.com smartadserver.com
Broadbandy Srl,broadbandy.it,2,2,pubmatic.com themediagrid.com
Bulletin,bulletin.ca,2,2,sharethrough.com smartadserver.com
BurdaForward GmbH,burda-forward.de,2,2,improvedigital.com teads.tv
"BuzzFeed, Inc.",buzzfeed.com,2,18,kargo.com triplelift.com
C Wire,cwire.com,2,2,appnexus.com xandr.com
CAIRORCS MEDIA S.p.A.,cairorcsmedia.it,2,2,themediagrid.com triplelift.com
CAVIXO PREMIUM,cavixo.com,2,2,sharethrough.com smartadserver.com
CRAID Inc,craid-inc.com,2,2,pubmatic.com rubiconproject.com
CTV Buyer,recruemedia.com,2,2,pubmatic.com sharethrough.com
CTVX,ctvx.tv,2,2,sharethrough.com smartadserver.com
Cadent,cadent.tv,2,2,lijit.com video.unrulymedia.com
Caffeine TV,caffeine.tv,2,2,pubmatic.com video.unrulymedia.com
Caribbean Alliance,trend.media,2,2,sharethrough.com smartadserver.com
Caroda s.r.o.,caroda.io,2,2,adform.com rubiconproject.com
Cast Iron Media,castiron.media,2,2,freewheel.tv pubmatic.com
CheckYourMath,checkyourmath.com,2,2,sharethrough.com smartadserver.com
Cignal.ioLtd,cignal.io,2,5,freewheel.tv pubmatic.com
Cinedigm OTT Holdings LLC,c360.com,2,3,connatix.com freewheel.tv
CitrusAds  Epsilon,kohls.com,2,2,sharethrough.com smartadserver.com
Claro Co,claro.com.co,2,2,sharethrough.com smartadserver.com
Climora LTD,climoraltd.com,2,2,adyoulike.com ogury.com
Clipkit Turkey,clipkit.com,2,2,sharethrough.com smartadserver.com
"Coaches Aid, Inc. dba ASBN",asbn.tv,2,2,appnexus.com xandr.com
Cocktail Advertising & Film Production LLC,streambidmedia.com,2,5,pubmatic.com video.unrulymedia.com
Collective Exchange (UK),uk.collective.com,2,2,appnexus.com xandr.com
Commodified Media ltd,commodified.me,2,2,improvedigital.com onetag.com
"Connected Culture Group, Inc.",connectedculture.tv,2,2,lijit.com onetag.com
Connectki,connectki.com,2,6,freewheel.tv lijit.com
Consequence Media,consequencemedia.com,2,2,conversantmedia.com pubmatic.com
Cool Games Publishing B.V.,girlgames.com,2,2,appnexus.com xandr.com
Core Media,coremedia.com,2,2,sharethrough.com smartadserver.com
Cortex Media Group,cortexmg.com,2,7,amxrtb.com triplelift.com
Crystall app,crystall.io,2,3,adyoulike.com risecodes.com
Cubera,cubera.co,2,2,adyoulike.com connatix.com
Cuedart Limited,cuedart.com,2,4,freewheel.tv media.net
Cyber Communications Inc.,cci.co.jp,2,2,pubmatic.com rubiconproject.com
"CyberAgent, Inc (Profit-X)",caprofitx.jp,2,2,appnexus.com xandr.com
"CyberAgent, Inc.",caprofitx.com,2,3,pubmatic.com themediagrid.com
DABLE INC.,dable.io,2,2,pubmatic.com themediagrid.com
DAX,thisisdax.com,2,2,media.net rubiconproject.com
DIGIAD DMCC,digiadglobal.ae,2,2,appnexus.com xandr.com
DIGIDAY INNOVATION INDIA PRIVATE LIMITED,digidayin.com,2,2,aps.amazon.com video.unrulymedia.com
DailyFeed,dailyfeed.co.uk,2,2,sharethrough.com smartadserver.com
Danoler,danoler.com,2,3,adyoulike.com improvedigital.com
Dasco Interactive Inc,dascointeractive.com,2,2,sharethrough.com smartadserver.com
Datability Technologies LLC,izooto.com,2,2,teads.tv themediagrid.com
Decenterads PTE LTD,decenterads.com,2,2,improvedigital.com ogury.com
Decidata,decidata.tv,2,2,sharethrough.com smartadserver.com
Decide Technologies Inc.,decide.co,2,2,connatix.com pubmatic.com
Dentsu,dentsu.com,2,2,freewheel.tv pubmatic.com
Deseret Digital,deseretdigital.com,2,2,sharethrough.com smartadserver.com
Dev2pub,dev2pub.com,2,2,amxrtb.com rubiconproject.com
Diario Editore S.r.l.,diariodelweb.it,2,2,seedtag.com themediagrid.com
DigiDesk Media FZ LLE,digidesk-media.com,2,2,appnexus.com xandr.com
Digital Box,digitalbox.com,2,2,teads.tv themediagrid.com
"Digital Fairway, Inc.",digital-fairway.com,2,7,freewheel.tv pubmatic.com
Digital Trends,digitaltrends.com,2,4,aps.amazon.com openx.com
DigitalProServer,digitalproserver.com,2,2,sharethrough.com smartadserver.com
DigitalVenture,digitalventure.it,2,2,sharethrough.com smartadserver.com
Discogs,discogs.com,2,2,sharethrough.com smartadserver.com
Diverse Media Empowerment,autoproyecto.com,2,2,appnexus.com xandr.com
Dugout Ltd.,dugoutworldwide.com,2,2,appnexus.com xandr.com
Duplex Technologies Inc.,duplex.com,2,2,appnexus.com xandr.com
EMX,emxdigital.com,2,4,appnexus.com xandr.com
ENEA,enea.pl,2,2,sharethrough.com smartadserver.com
ESP XMedia,espxmedia.com,2,2,sharethrough.com smartadserver.com
ESPN Australia Pty Ltd,espn.com.au,2,2,appnexus.com xandr.com
ETARGET SE,etarget.sk,2,2,appnexus.com xandr.com
ETUS MEDIA DIGITAL LTDA,etus.com.br,2,2,appnexus.com xandr.com
Egmont Story House AB,storyhouseegmont.se,2,2,improvedigital.com themediagrid.com
Einthusan - Publica - CTV - oRTB,einthusan.tv,2,3,sharethrough.com smartadserver.com
Elite Street LLC,elitestreet.com,2,3,connatix.com lijit.com
Engageya,engageya.com,2,4,pubmatic.com themediagrid.com
Engine,brealtime.com,2,2,appnexus.com xandr.com
Enhance Inc.,goo.ne.jp,2,2,media.net pubmatic.com
Eotech Media,eotechmedia.com,2,2,sharethrough.com smartadserver.com
Epic Panda Games,epicpandagames.com,2,2,sharethrough.com smartadserver.com
Equativ,equativ.com,2,3,adyoulike.com sharethrough.com
Estrella Media,estrellatv.com,2,2,improvedigital.com sharethrough.com
Etermax,etermax.com,2,2,sharethrough.com smartadserver.com
Etisalat,etisalat.ae,2,2,sharethrough.com smartadserver.com
Everyday Health,everydayhealthgroup.com,2,2,kargo.com rubiconproject.com
Explorads,explorads.media,2,2,amxrtb.com themediagrid.com
FTV Pub,francetvpub.fr,2,2,sharethrough.com smartadserver.com
Factor Eleven,factor-eleven.de,2,2,adform.com pubmatic.com
Fat Chill Media,fatchillimedia.com,2,2,amxrtb.com triplelift.com
Felixads,felixads.com,2,2,adyoulike.com rubiconproject.com
Fidme,fidme.com,2,2,sharethrough.com smartadserver.com
Filmhub,stash.tv,2,2,loopme.com pubmatic.com
Firefly Engagement,fireflyengagement.com,2,2,amxrtb.com media.net
First Media 2,first.media,2,2,amxrtb.com video.unrulymedia.com
Forty Two Media Group LTD,zaptush.com,2,2,lijit.com triplelift.com
Forum LLC,forumllc.com,2,2,sharethrough.com smartadserver.com
Frameplay,static.frameplay.gg,2,2,sharethrough.com smartadserver.com
Frankly Media LLC,franklyinc.com,2,7,openx.com rubiconproject.com
GFG POWERWEB S.R.L.,web365.it,2,2,seedtag.com themediagrid.com
GLAD,naver.com,2,2,nativo.com themediagrid.com
Gamermedia,gamermedia.com.tr,2,2,adform.com lijit.com
Gay Ad Network,gayadnetwork.com,2,2,appnexus.com xandr.com
Gemius HU,adocean-global.com,2,2,sharethrough.com smartadserver.com
Glewed TV,glewedtv.com,2,2,sharethrough.com smartadserver.com
Greedygame,greedygame.com,2,3,conversantmedia.com themediagrid.com
Greeter Holdings LTD,adipolosolutions.com,2,2,appnexus.com xandr.com
Group Rvn,grouprvn.com,2,2,amxrtb.com lijit.com
GroupM NL - 6924 - Supply,wppmedia.com,2,2,appnexus.com xandr.com
Groupe La Provence,laprovence.com,2,3,openx.com themediagrid.com
Grumft,grumft.com,2,2,sharethrough.com smartadserver.com
GrupoCopesa,grupocopesa.cl,2,2,sharethrough.com smartadserver.com
Gruporpp,rpp.pe,2,2,amxrtb.com improvedigital.com
H Code Media,mycodemedia.com,2,4,freewheel.tv risecodes.com
Hadoq,hadoq.com,2,2,sharethrough.com smartadserver.com
Harmonic Test,harmonicinc.com,2,2,sharethrough.com smartadserver.com
"HatenaCo.,Ltd.",hatena.co.jp,2,2,aps.amazon.com themediagrid.com
Havos,havos.co.uk,2,2,sharethrough.com smartadserver.com
Hearst Production,hearst.com,2,2,freewheel.tv triplelift.com
HighRevAds,highrevads.com,2,2,aps.amazon.com teads.tv
HighVibes Media,highvibes.media,2,2,sharethrough.com smartadserver.com
Highview2nd,lgchannels.com,2,2,sharethrough.com smartadserver.com
"Hive Digital Media, A division of CTP Limited",hivedigital.media,2,2,rubiconproject.com teads.tv
Holid,holid.se,2,4,indexexchange.com openx.com
Holonis Inc.,edufundingpartners.com,2,2,lijit.com openx.com
Huvle Corp.,huvleview.com,2,2,pubmatic.com smaato.com
I.R.V. d.o.o.,ssp.adnetwork.agency,2,2,appnexus.com xandr.com
IAB Tech Lab,iabtechlab.com,2,2,sharethrough.com smartadserver.com
IGAWorks Inc.,igaworks.com,2,3,pubmatic.com themediagrid.com
IMGN RESELLER,imgn.media,2,2,themediagrid.com triplelift.com
INCEPTION TECHNOLOGIES LTD,inceptionmedia.ai,2,3,improvedigital.com rubiconproject.com
"INTERACTIVE ONE, LLC d/b/a iOne Digital",ionedigital.com,2,2,connatix.com nativo.com
IPM Group,ipmadvertising.be,2,2,sharethrough.com smartadserver.com
Ice mdia,icemedia.fr,2,2,sharethrough.com smartadserver.com
Impala Studios - The Netherlands,impalastudios.com,2,2,appnexus.com xandr.com
"Impremedia Operating Company, LLC",impremedia.com,2,2,lijit.com media.net
Impression Media,impressionmedia.cz,2,2,adform.com teads.tv
Imprezia,imprezia.ai,2,2,inmobi.com pubmatic.com
InfiniteState,lacunads.ushareit.com,2,3,freewheel.tv video.unrulymedia.com
InfoStocks Informações e Sistemas Ltda.,infomoney.com.br,2,2,appnexus.com xandr.com
Ink Mantra Pte Ltd,inkmantra.com,2,2,conversantmedia.com freewheel.tv
Invaluable,invaluable.com,2,2,sharethrough.com smartadserver.com
Invisionery,invisionery.com,2,2,sharethrough.com smartadserver.com
Ionvo Group,ionvogroup.com,2,2,connatix.com improvedigital.com
Iverson Media and Communications LLC,imediasalesteam.com,2,2,lijit.com openx.com
JOJ,joj.sk,2,2,sharethrough.com smartadserver.com
Jeeng,jeeng.com,2,2,adyoulike.com themediagrid.com
Joyz,joyz.io,2,4,freewheel.tv rubiconproject.com
KUANTYX MEDIA LIMITED,kuantyx.com,2,2,improvedigital.com rubiconproject.com
Kelmak,kelmak.com,2,3,adyoulike.com rubiconproject.com
Kidoodletv,kidoodle.tv,2,2,sharethrough.com smartadserver.com
Kivi,kivi.tv,2,2,media.net video.unrulymedia.com
Kleekr,corp.playtem.com,2,2,appnexus.com xandr.com
Kubient,kubient.com,2,2,amxrtb.com pubmatic.com
LakeLink,lake-link.com,2,2,sharethrough.com smartadserver.com
"Lasso Marketing, Inc",lassoplatform.io,2,2,appnexus.com xandr.com
Latam Connect LATAM,latamconnect.com.mx,2,2,sharethrough.com smartadserver.com
League-M,league-m.com,2,2,adyoulike.com video.unrulymedia.com
League-M Europe GmbH,league-m.de,2,2,adform.com improvedigital.com
Lemma Media Inc.,lemmamedia.com,2,2,improvedigital.com rubiconproject.com
Lemrock,lemrock.com,2,2,sharethrough.com smartadserver.com
Likemind,optimism.com,2,2,sharethrough.com smartadserver.com
LinkNexusLtd,linknexus.co.uk,2,5,freewheel.tv lijit.com
Little Dot Studios,littledotstudios.com,2,2,pubmatic.com video.unrulymedia.com
Livestly Media,livestly.com,2,2,sharethrough.com smartadserver.com
"Loyal Foundry Holdings, Inc",exchange.loyal.app,2,3,loopme.com pubmatic.com
MEDIAWAYSS Sp. z o.o.,vidverto.io,2,2,improvedigital.com rubiconproject.com
MLB,mlb.com,2,2,sharethrough.com smartadserver.com
Mad Ads Media LP,madadsmedia.com,2,2,conversantmedia.com rubiconproject.com
Magellano Tech Solution Srl,magellanotech.it,2,2,seedtag.com themediagrid.com
MagicBid Prebid,magicbid.ai,2,3,pubmatic.com rubiconproject.com
Magnite - Streaming,telaria.com,2,2,appnexus.com xandr.com
Makroo Digital,makroo.com,2,2,indexexchange.com lijit.com
Manatee Network,manatee.io,2,2,adform.com improvedigital.com
MannenMedia BV,mannenmedia.nl,2,2,freewheel.tv rubiconproject.com
Marine Traffic,marinetraffic.com,2,2,sharethrough.com smartadserver.com
Market Inside Media GmbH,wallstreet-online.ag,2,2,sharethrough.com smartadserver.com
Mars Media Group,mars-technologies.com,2,2,sharethrough.com smartadserver.com
Match Media Group,matchmediagroup.com,2,2,sharethrough.com smartadserver.com
Medal.tv,medal.tv,2,2,lijit.com sharethrough.com
Media News Group,medianewsgroup.com,2,2,amxrtb.com pubmatic.com
MediaM,americas.themediamgroup.com,2,2,sharethrough.com smartadserver.com
MediaStrike,media-strike.com,2,2,sharethrough.com smartadserver.com
MediaTonik,mediatonik.ca,2,2,sharethrough.com video.unrulymedia.com
Mediahead AG,mediahead.com,2,2,appnexus.com xandr.com
Medios Masivos,mediosmasivos.com.mx,2,2,sharethrough.com smartadserver.com
MeetKai Inc.,meetkai.com,2,2,aps.amazon.com rubiconproject.com
Megacable Prod,megacable.com.mx,2,4,sharethrough.com smartadserver.com
Meitu Limited,meitu.com,2,2,openx.com pubmatic.com
Melon Ventures fresherslive,fresherslive.com,2,2,sharethrough.com smartadserver.com
Metric Science,onscroll.com,2,2,appnexus.com xandr.com
Microsoft Media Network,microsoft.com,2,2,appnexus.com xandr.com
Millwood Creative LLC,millwoodcreative.com,2,2,lijit.com video.unrulymedia.com
Mindshare JWT,ppnet.gr,2,2,sharethrough.com smartadserver.com
MinervaNetworks,minervanetworks.com,2,2,sharethrough.com smartadserver.com
Minga Digital SPA,mingadigital.com,2,2,appnexus.com xandr.com
Minute Media,si.com,2,2,adyoulike.com freewheel.tv
Minute Spoteam Ltd.,minute.ly,2,2,aps.amazon.com themediagrid.com
Mirando,mirando.de,2,2,sharethrough.com smartadserver.com
MobileAppliedS.L.,mobileapplied.com,2,5,freewheel.tv lijit.com
"Mobwith Co., Ltd",mobwith.co.kr,2,3,openx.com themediagrid.com
Modern Luxury,modernluxurymedia.com,2,2,amxrtb.com media.net
"Momento, Inc.",momento.dev,2,2,loopme.com pubmatic.com
"Momento, Inc.",momento.team,2,2,pubmatic.com video.unrulymedia.com
Mosaic Media,mosaicmedia.com.mx,2,2,sharethrough.com smartadserver.com
Mosher Media,mosher.media,2,2,adyoulike.com improvedigital.com
Mozilla TEST Ads,mozilla.org,2,2,sharethrough.com smartadserver.com
Multi Channel Network Pty Ltd.,mcn.com.au,2,2,appnexus.com xandr.com
Murka Games Limited,murka.com,2,2,sharethrough.com smartadserver.com
NAVER Corporation,navercorp.com,2,2,inmobi.com pubmatic.com
"NEW ID Co., Ltd.",its-newid.net,2,3,pubmatic.com video.unrulymedia.com
"NGL Media, Inc",nglmedia.com,2,3,pubmatic.com rubiconproject.com
NGTV Experience,spash.com,2,2,sharethrough.com smartadserver.com
NO BETA PUBLICIDADE LTDA,nobeta.com.br,2,2,onetag.com seedtag.com
NTT Resonant,nttr.co.jp,2,2,gumgum.com pubmatic.com
"Nasmedia Co., Ltd",nasmedia.co.kr,2,2,pubmatic.com video.unrulymedia.com
Navio TV,navionetworks.com,2,2,sharethrough.com smartadserver.com
Nerdlegame,nerdlegame.com,2,2,sharethrough.com smartadserver.com
Netpeak,netpeak.co.uk,2,2,adyoulike.com onetag.com
Newcom,newcom-regie.com,2,2,sharethrough.com smartadserver.com
Newscycle STR,newscycle.com,2,4,sharethrough.com smartadserver.com
Nexstar Media Inc.,nexstar.tv,2,3,freewheel.tv pubmatic.com
Next Millennium Media,nextmillennium.com,2,2,media.net seedtag.com
Nimbus,nimbus.co,2,2,sharethrough.com smartadserver.com
Nina Data Oy,ninadata.io,2,2,sharethrough.com smartadserver.com
"Ninja Tools, Inc.",ninja.co.jp,2,3,pubmatic.com themediagrid.com
Nuwara Data,nuwara.io,2,2,sharethrough.com smartadserver.com
"OAREX Funding, LLC",oarex.com,2,2,lijit.com teads.tv
"OC Media Solutions, Inc.",ocmediasolutions.com,2,3,improvedigital.com lijit.com
OCM Digital Media Cyprus,adops.gr,2,2,appnexus.com xandr.com
OMG Outcomes GmbH,mp-newmedia.com,2,2,appnexus.com xandr.com
OZD,orbyd.com,2,2,appnexus.com xandr.com
Okast CTV  Supply CTV,okast.tv,2,2,sharethrough.com smartadserver.com
OkayPlayer,okayplayer.com,2,2,sharethrough.com smartadserver.com
OmnicomPT,omnicommediagroup.com,2,2,adform.com pubmatic.com
OnDemandKorea,ondemandkorea.com,2,2,pubmatic.com video.unrulymedia.com
One Media LTD,opamarketplace.com,2,4,freewheel.tv triplelift.com
OneDSP_Goldbach,goldbach.com,2,2,adform.com themediagrid.com
Openhost Premium,openads.media,2,2,sharethrough.com smartadserver.com
Ora Media LLC,ora.tv,2,2,connatix.com pubmatic.com
Origin Media,corp.originmedia.tv,2,2,appnexus.com xandr.com
Ortolani Enterprises Inc,simsvip.com,2,2,appnexus.com xandr.com
Ortolani Enterprises Inc HeaderBiddr,headerbiddr.com,2,6,aps.amazon.com rubiconproject.com
Outpush,outpush.io,2,2,sharethrough.com smartadserver.com
OutsideTV,outsidetv.com,2,2,pubmatic.com video.unrulymedia.com
Oxiem,oxiem.com,2,5,freewheel.tv loopme.com
PCCW  PreProd,pccw.com,2,4,sharethrough.com smartadserver.com
PUSH Publisher Sales Hub GmbH,publishersaleshub.de,2,2,ogury.com seedtag.com
Pangle,pangleglobal.com,2,4,indexexchange.com pubmatic.com
Paradium.ai,paradium.ai,2,2,pubmatic.com video.unrulymedia.com
Parkbell SA (Babel),babelmedia.global,2,2,connatix.com rubiconproject.com
Pebble Media NV,pebblemedia.be,2,2,pubmatic.com rubiconproject.com
Pepsia SAS,pepsia.com,2,2,appnexus.com xandr.com
Perform Media,performgroup.com,2,2,pubmatic.com rubiconproject.com
Piemme S.p.A,piemmeonline.it,2,2,lijit.com themediagrid.com
Pigeoon TR,pigeoon.com,2,2,adform.com adyoulike.com
PilotX,pilotx.tv,2,3,gumgum.com lijit.com
PinkLion LTD,pinklion.io,2,2,rubiconproject.com triplelift.com
Pixad,pixad.com.tr,2,2,adform.com themediagrid.com
Platformance MENA Marketing Management LLC,platformance.io,2,2,appnexus.com xandr.com
Playcus Limited,playcus.com,2,2,sharethrough.com smartadserver.com
Playmania,playmania.io,2,2,lijit.com loopme.com
Playwire,config.playwire.com,2,2,sharethrough.com smartadserver.com
"Plista Germany, Switzerland and Austria",plista.com,2,8,appnexus.com xandr.com
Pontis,pontis.tv,2,2,sharethrough.com smartadserver.com
Positive Media,pmbmonetize.com,2,2,amxrtb.com onetag.com
Precise Advertising CTV,preciseadvertising.tech,2,2,sharethrough.com smartadserver.com
Premium Ads,premiumads.net,2,2,amxrtb.com pubmatic.com
Preshow,preshow.com.br,2,2,sharethrough.com smartadserver.com
Programmatic s.r.o.,programmatic.cz,2,2,adform.com teads.tv
"PubGrowth, LLC",pubgrowth.com,2,2,rubiconproject.com triplelift.com
PubWise.io,admin.pubwise.io,2,3,sharethrough.com smartadserver.com
Pubrev+,pubrev.us,2,2,lijit.com pubmatic.com
Pubteck,pubteck.com,2,2,amxrtb.com connatix.com
Pulse point,pulsepoint.com,2,2,pubmatic.com rubiconproject.com
Purify Digital,purifydigital.com,2,2,amxrtb.com lijit.com
Purple Ads,purpleads.io,2,2,amxrtb.com onetag.com
QRASAS,qwest.tv,2,4,freewheel.tv video.unrulymedia.com
Quantified Imagination Inc,metaspoon.com,2,2,sharethrough.com smartadserver.com
R2B2 s.r.o.,r2b2.io,2,3,adform.com pubmatic.com
"RAN DECISIONS, INC. dba Frequent Flyer Services",frequentflyerservices.com,2,2,appnexus.com xandr.com
RP Digital GmbH,rp-online.de,2,3,indexexchange.com pubmatic.com
RP Digital GmbH,rp-digital.de,2,2,pubmatic.com seedtag.com
Radiant Fusion,radiantfusion.co,2,2,adyoulike.com lijit.com
Radiant Technologies,radianttecnologies.io,2,2,sharethrough.com smartadserver.com
Rakuten Advertising France SAS,rakuten.tv,2,2,conversantmedia.com video.unrulymedia.com
Rakuten RX 3rd party,rmp.rakuten.com,2,2,sharethrough.com smartadserver.com
Raptive,raptive.com,2,2,adform.com ogury.com
RedBox (FW Markets) - Live,redbox.com,2,2,freewheel.tv pubmatic.com
Relābe LLC.,relabe.com,2,2,lijit.com rubiconproject.com
Renovi Ltd,renovi.io,2,2,media.net openx.com
RetailorMedia,retailor.media,2,2,sharethrough.com smartadserver.com
RevContent,assets.revcontent.com,2,2,loopme.com pubmatic.com
"RevIQ, Inc.",op.gg,2,2,appnexus.com xandr.com
Rikki Games,rickiegames.com,2,2,sharethrough.com smartadserver.com
Ringier Hungary,ringier.hu,2,2,sharethrough.com smartadserver.com
Rockymountain,rockymountain.com.br,2,2,sharethrough.com smartadserver.com
"Roku, Inc.",roku.com,2,2,freewheel.tv video.unrulymedia.com
Rough Maps,roughmaps.com,2,2,sharethrough.com smartadserver.com
Roxot LLC,roxot.com,2,2,aps.amazon.com lijit.com
S3 Inclusive,s3media.co.jp,2,3,amxrtb.com lijit.com
SBB Media,sbb.bg,2,2,sharethrough.com smartadserver.com
SILVERPUSH GLOBAL PTE LTD,silverpush.co,2,3,improvedigital.com video.unrulymedia.com
SKYBOARD,skyboard.fr,2,2,rubiconproject.com themediagrid.com
SMI,mdigital.co.il,2,2,sharethrough.com smartadserver.com
SOD ScreenOnDemand GmbH,sspx.tech,2,2,pubmatic.com rubiconproject.com
SPORTFIVE  Full stack,sportfive.de,2,2,sharethrough.com smartadserver.com
SPOUT TECH PTE. LTD.,boomtech.fightertechweb.com,2,2,lijit.com pubmatic.com
SRMG,srmg.com,2,2,sharethrough.com smartadserver.com
Sabre Test Account,sabre.com,2,2,sharethrough.com smartadserver.com
Samba Tv,samba.tv,2,4,freewheel.tv pubmatic.com
Sataku,sarigato.com,2,2,sharethrough.com smartadserver.com
Scoreboard SSP  Supply  US,scoreboardssp.com,2,2,sharethrough.com smartadserver.com
SeeSaa Inc,seesaa.co.jp,2,3,pubmatic.com themediagrid.com
Semilo B.V.,semilo.nl,2,2,appnexus.com xandr.com
Seven.One Media GmbH,sevenonemedia.de,2,2,aps.amazon.com themediagrid.com
Shandy Media,eightpoint.io,2,2,sharethrough.com smartadserver.com
Shareably,shareably.net,2,2,sharethrough.com smartadserver.com
Smart AD,smart-ad.si,2,2,sharethrough.com smartadserver.com
SmartPGMarketplace,dynadmic.com,2,6,sharethrough.com smartadserver.com
SmartRTB,smrtb.com,2,2,pubmatic.com teads.tv
Smartbroker Holding AG,smartbroker-holding.de,2,2,improvedigital.com seedtag.com
Social Game Media LLC,socialgamemedia.com,2,2,appnexus.com xandr.com
Social Publishing Limited,ascenderpublishing.com,2,2,rubiconproject.com triplelift.com
Someecards,someecards.com,2,2,sharethrough.com smartadserver.com
SoundCast,soundcast.io,2,2,sharethrough.com smartadserver.com
Sovrn,sovrn.com,2,2,adyoulike.com inmobi.com
SpeeD,speedadv.it,2,2,sharethrough.com smartadserver.com
Spike Media,spikemedia.co,2,2,amxrtb.com seedtag.com
Splashbay Media,splashbaymedia.com,2,2,lijit.com pubmatic.com
Spormeon Ltd,adysis.com,2,2,aps.amazon.com lijit.com
Sporting Media USA Inc,sportingnewsholdings.com,2,2,appnexus.com xandr.com
SportsHabit,sportshabit.com,2,2,conversantmedia.com seedtag.com
Stingray Music USA Inc.,stingray.com,2,3,freewheel.tv video.unrulymedia.com
Stitch Video,stitchvideo.tv,2,2,indexexchange.com pubmatic.com
Stockholm Yield Optimisers AB,yieldoptimisers.com,2,2,adform.com improvedigital.com
Streann LATAM,streann.com,2,2,sharethrough.com smartadserver.com
Strive,strive.lt,2,2,sharethrough.com smartadserver.com
Strongmetrics,strongmetrics.io,2,2,adyoulike.com lijit.com
Styria,copegroup.com,2,2,sharethrough.com smartadserver.com
Superawesome,superawesome.com,2,3,adyoulike.com improvedigital.com
Supership Inc,ad-generation.jp,2,2,pubmatic.com video.unrulymedia.com
Surge Media FZ LLE,surgemedia.space,2,2,appnexus.com xandr.com
"Swiftly Systems, Inc.",swiftly.com,2,2,appnexus.com xandr.com
Syncbak Inc,zeam.com,2,2,connatix.com nativo.com
TAKE RATE S.R.L,takerate.com,2,2,rubiconproject.com themediagrid.com
THE MONEYTIZER,us.themoneytizer.com,2,2,lijit.com seedtag.com
TOWNSQUARE MEDIA INC.,townsquaremedia.com,2,4,indexexchange.com themediagrid.com
TVTY,tvty.tv,2,2,sharethrough.com smartadserver.com
Tacit Media Inc.,tacit.co.jp,2,2,rubiconproject.com themediagrid.com
Taipei Digital,taipeidigital.com,2,2,adyoulike.com lijit.com
Tallman,tallmanads.com,2,2,amxrtb.com conversantmedia.com
Tan Media Limited,tan-media.com,2,80,connatix.com triplelift.com
Tango Digital Agency,tangodigitalagency.com,2,2,sharethrough.com smartadserver.com
Taptica International Ltd.,taptica.com,2,2,appnexus.com xandr.com
Tastemade PML,pmlatam.com,2,2,sharethrough.com smartadserver.com
Teads France SAS,teads.tv,2,2,appnexus.com xandr.com
TechnologyAdvice,technologyadvice.com,2,2,risecodes.com sharethrough.com
Tecnavia Press Inc,tecnavia.com,2,2,sharethrough.com smartadserver.com
Teqfire,teqfire.com,2,2,lijit.com loopme.com
Terra,terra.com.br,2,2,sharethrough.com smartadserver.com
Texas Monthly,texasmonthly.com,2,2,sharethrough.com smartadserver.com
The Big Red Inc,thebigred.co,2,2,lijit.com rubiconproject.com
The Nexus Engine,thenexusengine.com,2,2,kargo.com triplelift.com
The PubRev+,pubrevplus.com,2,2,loopme.com nativo.com
The Publisher Desk,thepublisherdesk.com,2,4,gumgum.com openx.com
ThinkCultural,thinkcultural.com,2,2,sharethrough.com smartadserver.com
Thirdpresence Ltd,thirdpresence.com,2,2,pubmatic.com sharethrough.com
Thirky,thirky.com,2,2,sharethrough.com smartadserver.com
Titan OS,ads.titanos.tv,2,2,sharethrough.com smartadserver.com
Tmbi,trustedmediabrands.com,2,2,amxrtb.com conversantmedia.com
Top 5,top5.com,2,2,sharethrough.com smartadserver.com
Trafficking Solutions Publishers,trafficking-solutions.com,2,2,sharethrough.com smartadserver.com
TrueLift Media FZCO,truelift.media,2,2,appnexus.com xandr.com
TunupGames,tunupgames.com,2,2,sharethrough.com smartadserver.com
"UNITED, Inc.",united.jp,2,2,aps.amazon.com pubmatic.com
"USA TODAY Sports Media Group, LLC",usatodayco.com,2,2,appnexus.com xandr.com
USA Today - Arkadium,usatoday.com,2,2,adyoulike.com sharethrough.com
United Airlines,united.com,2,2,sharethrough.com smartadserver.com
UrbanMedia GmbH,urban-media.com,2,2,aps.amazon.com improvedigital.com
VASKIANI VENTURES LIMITED,megogo.net,2,2,lijit.com triplelift.com
VIESTI-DM7 PLANEJAMENTO E TREINAMENTO LTDA,adzep.com.br,2,2,aps.amazon.com rubiconproject.com
VISIADTECH PTE. LTD.,tradplus.com,2,2,rubiconproject.com video.unrulymedia.com
VPON Taiwan Inc.,vpon.com,2,2,appnexus.com xandr.com
Vagalume,vagalume.com.br,2,2,sharethrough.com smartadserver.com
VectorMax,vectormax.com,2,2,sharethrough.com smartadserver.com
Velis Media LTD,velismedia.com,2,2,connatix.com lijit.com
VerizonMedia,verizonmedia.com,2,6,blis.com pubmatic.com
ViaMedia,viamediatv.com,2,2,sharethrough.com smartadserver.com
Viber,viber.com,2,2,triplelift.com video.unrulymedia.com
"Vid20, LLC",vid20.tv,2,6,freewheel.tv lijit.com
VideoShakers SL.,videoshakers.com,2,2,appnexus.com xandr.com
Vidmonetize,vidmonetize.com,2,2,connatix.com lijit.com
Vidyome (TR),vidyome.com,2,2,teads.tv themediagrid.com
Viewdeos,viewdeos.com,2,2,lijit.com onetag.com
Viously,viously.com,2,6,freewheel.tv teads.tv
Viraltrend chasethetrendcom,viraltrend.org,2,2,sharethrough.com smartadserver.com
Virtual Minds GmbH,seven.one,2,3,conversantmedia.com improvedigital.com
Vix (vix.com) / Batanga Media Exchange,batanga.com,2,2,appnexus.com xandr.com
Vlogbox (indirect) - oRTB,vlogbox.com,2,3,sharethrough.com triplelift.com
Vlyby Digital GmbH,vlyby.com,2,3,improvedigital.com rubiconproject.com
Vn Express,vnexpress.net,2,2,amxrtb.com themediagrid.com
WMG  International Inc,wmgroup.us,2,3,pubmatic.com themediagrid.com
WSC Sports,wsc-sports.com,2,2,lijit.com pubmatic.com
Wakeup Ad Network,agwakeup.com,2,2,sharethrough.com smartadserver.com
Watch Labs,watchlabs.media,2,2,sharethrough.com smartadserver.com
We Are 365 LATAM,weare365.io,2,2,sharethrough.com smartadserver.com
WeBlog Media,weblog-media.com,2,2,sharethrough.com smartadserver.com
Web Financial Group (network),webfg.com,2,2,appnexus.com xandr.com
WebAMG Sarl dba LifeStreet International,lifestreet.com,2,2,openx.com pubmatic.com
WebAds UK,webads.co.uk,2,2,appnexus.com xandr.com
Webspectator Corporation,webspectator.com,2,2,lijit.com rubiconproject.com
Wetter.Com,wetter.com,2,2,amxrtb.com improvedigital.com
Whildey 2016 Ltd.,whildey.com,2,2,conversantmedia.com pubmatic.com
White Hare Media,haresmedia.com,2,2,sharethrough.com smartadserver.com
WiConnect,wiconnect.com,2,2,sharethrough.com smartadserver.com
Wisead,wisead.es,2,2,sharethrough.com smartadserver.com
WordLine [HB],word-line.com,2,2,adyoulike.com lijit.com
World History Publishing,worldhistory.org,2,2,sharethrough.com smartadserver.com
World of Neopets,,2,2,sharethrough.com smartadserver.com
"Xumo, LLC",corp.xumo.com,2,2,appnexus.com xandr.com
Yahoo Japan Corp.,yahoo.co.jp,2,2,appnexus.com xandr.com
Yeahmobi,yeahmobi.com,2,2,freewheel.tv rubiconproject.com
YearXero,yearxero.com,2,2,adform.com triplelift.com
Yedioth Internet,ynet.co.il,2,2,adyoulike.com amxrtb.com
Yormedia Solutions Limited,yormedia.com,2,2,pubmatic.com rubiconproject.com
Zazoom LLC,ruckusfactory.com,2,5,connatix.com freewheel.tv
Zero Degree,zerodegreeads.com,2,2,amxrtb.com aps.amazon.com
Zeus Media,zeusmedia.info,2,2,sharethrough.com smartadserver.com
Ziff Davis,ziffdavis.com,2,4,aps.amazon.com gumgum.com
Zoomd Ltd,zoomd.com,2,3,improvedigital.com sharethrough.com
"Zumobi, Inc.",zumobi.com,2,2,lijit.com rubiconproject.com
adMaster s.r.o.,admaster.cz,2,2,adform.com teads.tv
"adPOPcorn Co., Ltd.",adpopcorn.com,2,2,appnexus.com xandr.com
adpointtest,lineup.com,2,2,sharethrough.com smartadserver.com
adprime,adprime.pl,2,2,sharethrough.com smartadserver.com
ads4you,ads4you.es,2,2,sharethrough.com smartadserver.com
adsviu,adsviu.com,2,2,sharethrough.com smartadserver.com
adtoox,adtoox.com,2,2,sharethrough.com smartadserver.com
allinagency,allinagency.com,2,2,sharethrough.com smartadserver.com
bidstack,bidstack.com,2,2,adform.com openx.com
hk01demo,hk01.com,2,2,sharethrough.com smartadserver.com
hot108jams,hot108.com,2,2,conversantmedia.com improvedigital.com
"iHeartMedia Management Services, Inc",iheartmedia.com,2,2,appnexus.com xandr.com
iPROM d.o.o.,iprom.net,2,2,adform.com rubiconproject.com
loudintelligence,loudintelligence.com,2,2,sharethrough.com smartadserver.com
mmpww,mmpww.com,2,2,sharethrough.com smartadserver.com
netspice GmbH & Co. KG.,netspice.net,2,2,rubiconproject.com triplelift.com
popIn Inc,popin.cc,2,2,pubmatic.com themediagrid.com
pragmmatik,pragmmatik.com,2,2,sharethrough.com smartadserver.com
saudimedia,saudimedia.sa,2,2,sharethrough.com smartadserver.com
scalarator,smartadline.com,2,2,aps.amazon.com pubmatic.com
t3n - DE,t3n.de,2,2,themediagrid.com triplelift.com
tcsemotion.com,tcsemotion.com,2,2,lijit.com themediagrid.com
(RO) - Admixer (UA)–new,admixer.ua,1,1,teads.tv
(RO) - Five Elements Digital (RO),fiveelementsdigital.com,1,1,teads.tv
(RO) - Inform Media (RO),informmedia.ro,1,1,teads.tv
(RO) - Libra WebCorp (RO),librawebcorp.com,1,1,teads.tv
(RO) - MEDIA24 (SI),kokos.agency,1,1,teads.tv
(RO) - OceanSol (CZ),mediaboard.cz,1,1,teads.tv
(RO) - PRO TV (RO),protv.ro,1,1,teads.tv
(RO) - SECURE INNOVATION VENTURES (SomaSocial) (RO),somasocial.com,1,1,teads.tv
(RO) - Sunday Media (RO),sunday-media.ro,1,1,teads.tv
100publishing,100publishing.com,1,1,amxrtb.com
"121cast, Inc.",omnystudio.com,1,1,rubiconproject.com
1337 Ugc,1337ugc.de,1,1,amxrtb.com
216 Enterprises,statsperform.com,1,1,conversantmedia.com
"2C Internet Consulting, Inc.",2cconsultingllc.com,1,1,conversantmedia.com
33 Across.com,33acrosss.com,1,1,aps.amazon.com
360 Media Sales Limited,360mediasales.com,1,1,improvedigital.com
365 Digital (ZA Office),365digital.co.za,1,1,teads.tv
3Blue Media LLC,3bluemedia.com,1,1,pubmatic.com
3rdplace.com,3rdplace.com,1,1,lijit.com
4ADS MEDIA BRASIL LTDA,grupointelligenza.com.br,1,1,seedtag.com
4thdimensionsConsulting,fourthdimentionconsulting.com,1,9,freewheel.tv
"535 Media, LLC",535media.com,1,1,video.unrulymedia.com
"535 Media, LLC DBA Data Fusion",data-fusion.io,1,1,loopme.com
7807228 Canada Inc.,oboxmedia.com,1,2,openx.com
977,hitsradio.com,1,1,improvedigital.com
9gag,9gag.com,1,1,seedtag.com
A4 Media,a4media.com,1,1,pubmatic.com
ABC New Media AG,finanznachrichten.de,1,1,improvedigital.com
AC Digital LTD,captiv8-media.co,1,1,lijit.com
"AD ENC CO.,LTD",hani.co.kr,1,2,themediagrid.com
ADDOOR LATINMARKETS S.L.,addoor.net,1,1,seedtag.com
"ADGEEK MARKETING CONSULTING CO.,LTD.",adgeek.com,1,1,aps.amazon.com
ADLABZ APS,,1,1,adform.com
ADMATIC MEDIA d.o.o.,admatic.rs,1,1,lijit.com
ADME (CY) LTD,thesoul.group,1,1,ogury.com
ADME (CY) Ltd,thesoul-publishing.com,1,1,seedtag.com
ADOPCOKR - KR,xportsnews.com,1,2,themediagrid.com
ADPIE,adpies.com,1,1,pubmatic.com
ADSOLUT MEDIA PRIVATE LIMITED,adsolut.media,1,1,loopme.com
ADSPLAY Mídia SA,adsplay.com.br,1,1,improvedigital.com
ADTECH REKLAM VE YAZILIM TEKNOLOJILERI A.S.,,1,1,adform.com
ADTIMA JOINT STOCK COMPANY,baomoi.com,1,1,themediagrid.com
ADXION,adxion.com,1,1,teads.tv
AEIOU - PT,aeiou.pt,1,1,themediagrid.com
"AEON ENTERTAINMENT CO.,LTD",aeoncinema.com,1,1,aps.amazon.com
AGORA S.A.,gazeta.pl,1,1,aps.amazon.com
AJA,aja-kk.co.jp,1,1,themediagrid.com
AMEDIA SALG OG MARKED AS,amedia.no,1,1,adform.com
AMO Dynamics,amodynamics.com,1,1,lijit.com
AMPLIFFY - ES,goamplify.com,1,1,themediagrid.com
"AMX Contenido, S.A. de C.V",clarosports.com,1,1,seedtag.com
ANTENA TV Group SA,antenaplay.ro,1,1,video.unrulymedia.com
ANTS ONLINE ADVERTISING SOLUTION PTE. LTD.,antsprogrammatic.com,1,1,pubmatic.com
APEX Italy Marketplace,app.publicismedia.it,1,1,pubmatic.com
APEX advertising,publicismedia.de,1,2,pubmatic.com
APPLAD,applead.com,1,1,themediagrid.com
APPQUANTUM PUBLISHING LTD,,1,1,aps.amazon.com
ARIGATO Corporation,39mag.thankyu.co.jp,1,1,media.net
ASDA Groceries / WNS Global Services (UK) Limited,wns.com,1,1,themediagrid.com
AZURIUS S.L,azuriusdigital.com,1,1,teads.tv
Abril AdTech,grupoabril.com.br,1,1,teads.tv
"Accell Technologies, Inc.",oyealva.com,1,2,pubmatic.com
Accuweather_Connect,accuweather.com,1,1,connatix.com
Aceplanet,aceplanet.co.kr,1,1,themediagrid.com
Acqua Media Limited,acquamedia.com.hk,1,2,pubmatic.com
Actirise SAS,actirise.com,1,1,themediagrid.com
Acuity Ads,acuityads.com,1,1,pubmatic.com
"Ad Asia Holdings Pte., Ltd",any-digital.com,1,2,pubmatic.com
Ad Ops Agency,adopsagency.com,1,1,lijit.com
Ad.Plus,ad.plus,1,1,teads.tv
Ad2One Ltd.,ad2onegroup.com,1,1,rubiconproject.com
Ad2one Limited,ad2one.co.uk,1,1,connatix.com
AdCellerant,adcellerant.com,1,1,connatix.com
AdColony,adcolony.com,1,1,pubmatic.com
AdExtra,adextra.de,1,1,rubiconproject.com
AdFlowMedia,adflow-media.com,1,6,freewheel.tv
AdForge Technologies Inc,adforge.io,1,1,video.unrulymedia.com
AdFramer Unipessoal Lda,adframer.com,1,1,improvedigital.com
AdGenTek,adgentek.ai,1,1,gumgum.com
AdGood Foundation,adgood.org,1,1,indexexchange.com
AdHubMediaS.r.l.,adhubplatform.com,1,5,freewheel.tv
AdInMo Ltd. (prebid),rtb.adinmo.com,1,1,loopme.com
AdOps Latam,adopslatam.com,1,1,lijit.com
AdProfit AB,adprofit.se,1,1,rubiconproject.com
AdStash,adstash.com,1,1,pubmatic.com
AdTech Factory GmbH & Co. KG,adtechfactory.com,1,1,improvedigital.com
AdTech Factory GmbH & Co. KG,burda.com,1,1,pubmatic.com
AdUnity Ltd.,adunity.com,1,1,openx.com
"Adapex, LLC",sellers.adapex.io,1,3,openx.com
"Adapt Research, Inc.",withgrowl.com,1,1,rubiconproject.com
Adbeacon d.o.o.,adbeacon.si,1,1,adform.com
Adeq Media,adeqmedia.com,1,1,teads.tv
Adevinta [HB],adevinta.com,1,1,adyoulike.com
Adforus,adforus.co.kr,1,1,media.net
"Adforus Co.,Ltd",adforus.com,1,1,openx.com
Adglister Private Limited,adglister.com,1,1,freewheel.tv
Adhubmedia,adhubmedia.com,1,1,inmobi.com
Adikteev,adikteev.com,1,1,rubiconproject.com
Adingenious FZC,adingenious.com,1,1,conversantmedia.com
Adintop FZ LLC,adintop.com,1,1,themediagrid.com
Adiply,adiply.com,1,1,lijit.com
Aditude Direct,aditude-direct.com,1,1,amxrtb.com
Adlane LTD,adlane.info,1,1,improvedigital.com
Admake co. ltd (B-060249),adhaus.co.kr,1,1,themediagrid.com
Admake co. ltd (B-060255),admake.co.kr,1,2,themediagrid.com
Admake co. ltd (B-060257),admake.com,1,1,themediagrid.com
Admatic Medya AS,admatic.com,1,1,themediagrid.com
Admax SAS,admaxmedia.io,1,1,themediagrid.com
Admile,admile.com,1,1,adyoulike.com
Adnet Media,adnetmedia.lt,1,1,amxrtb.com
Adnet+.tv,,1,1,freewheel.tv
Adnmore,adnmore.co.kr,1,1,themediagrid.com
Adnuntius [HB],adnuntius.com,1,1,adyoulike.com
Adopstar Ltd,adopstar.com,1,1,rubiconproject.com
Adosia LLC,adosia.com,1,1,openx.com
Adotmob,we-are-adot.com,1,1,improvedigital.com
AdplyMedia Pte Ltd,adplay.id,1,1,seedtag.com
Adrecover,adrecover.com,1,1,amxrtb.com
Adrino Sp. z o. o.,,1,1,adform.com
Adrubi,adrubi.com,1,1,amxrtb.com
Ads Plus Ltd,ads.plus,1,1,aps.amazon.com
Ads Star,adsstar.in,1,1,amxrtb.com
Ads Technologies LTD,plexusstudios.com,1,1,conversantmedia.com
AdsToSport,adstosport.nl,1,1,adform.com
AdsYield SSP,web.adsyield.com,1,1,adyoulike.com
Adscend Media LLC,adscendmedia.com,1,1,sharethrough.com
Adshield,ad-shield.io,1,1,sharethrough.com
Adswizz,adswizz.com,1,1,video.unrulymedia.com
Adtycoons Pte Ltd,adtycoons.com,1,1,freewheel.tv
"Advelize, LLC",advelize.com,1,1,loopme.com
Adventure Rider,advrider.com,1,1,triplelift.com
Adverline (Azerion),adverline-regie.com,1,1,triplelift.com
"Advertise.com, Inc.",advertise.com,1,1,openx.com
Adviser Media FZ-LLC,advisermedia.co,1,1,rubiconproject.com
Advista AS,advista.no,1,1,improvedigital.com
Advivify Media Private Limited,advivify.com,1,1,freewheel.tv
Adx Raven,adxraven.com,1,1,video.unrulymedia.com
Adyugo Media LLP,adyugo.com,1,1,lijit.com
"Aequus Ads, Inc.",product.aequus.mobi,1,1,indexexchange.com
Affi Digital Technologies Pvt Ltd,affidi.com,1,1,freewheel.tv
Affinity Global Inc.,adopsone.ai,1,1,ogury.com
AfyADS,afyads.com,1,1,lijit.com
Agency Orquidea,agencyorquidea.com,1,1,adyoulike.com
Ageteck,ageteck.com.br,1,1,teads.tv
Airwave Media,airwavemedia.com,1,2,improvedigital.com
Ajaska,ajaska.de,1,1,amxrtb.com
Al Bawaba Middle East LTD,syndigate.info,1,1,teads.tv
Al Jazeera,aljazeera.com,1,1,media.net
Al Sabbaq,alsabbaq.com,1,1,teads.tv
Albert D. Matalon & Co. LTD,favorite-games.com,1,1,video.unrulymedia.com
"Alcance Media Group, LLC",alcancemg.com,1,1,openx.com
Algopeak Digital Ltd,algopeak.io,1,1,lijit.com
All Media Digital OÜ,smartad.eu,1,1,adform.com
Aller Media,aller.dk,1,1,triplelift.com
Allnurses.Com,allnurses.com,1,1,amxrtb.com
Alma Media Spa,almamail.it,1,1,teads.tv
Almaty Digital,almaty-digital.com,1,2,adyoulike.com
Alpecs AG,alpecs.com,1,1,pubmatic.com
Alpha Network Eireli Me - Skyads,skyads.io,1,1,teads.tv
Alphonso Media Buys,,1,1,undertone.com
Altice US,cheddar.com,1,1,teads.tv
Altura Advertising,altura.media,1,1,amxrtb.com
Altura Advertising,risemediagroup.co.uk,1,1,media.net
Aluna Limited,aluna.co,1,1,lijit.com
Amazbit Technologies Limited,rafting.tech,1,1,pubmatic.com
Ambient Digital Advertising Service Company Limited,ambientdigitalgroup.com,1,1,pubmatic.com
"America Digital, LLC",oledigital.net,1,1,teads.tv
American Media Inc,accelerate360.com,1,1,triplelift.com
American Media Incorporated,a360media.com,1,15,triplelift.com
American Media Incorporated,americanmediainc.com,1,2,triplelift.com
Amli Media Private Limited,amlinetwork.com,1,1,pubmatic.com
Amm s.p.a.,ammadv.it,1,1,openx.com
AmoPictures Limited,amo.tech,1,1,gumgum.com
Ampersand,ampersand.tv,1,1,freewheel.tv
Anime2You GmbH,anime2you.de,1,1,seedtag.com
Answers.Com,answers.com,1,1,amxrtb.com
Anthym TV - Reseller,anthymtv.com,1,1,themediagrid.com
Anypoint Media,anypointmedia.com,1,4,freewheel.tv
"Anypoint Media Co., Ltd.",anypoint.tv,1,1,indexexchange.com
Aol (UK),oath.com,1,1,pubmatic.com
Apartment Therapy Prebid,apartmenttherapy.com,1,2,blis.com
Apex Flow Technologies,apexflowtechnologies.com,1,1,seedtag.com
AppLixir Inc,applixir.com,1,1,rubiconproject.com
AppLovin,peoplefun.com,1,1,triplelift.com
AppMonet,appmonet.com,1,1,gumgum.com
Appark Holding Limited,appark.com,1,1,pubmatic.com
Appgeneration Software Technologies,appgeneration.com,1,1,themediagrid.com
Applinear,applinear.com,1,1,media.net
Appodeal Inc,appodeal.com,1,1,inmobi.com
Apps Park Exchange (oRTB),theappspark.com,1,1,pubmatic.com
Appstock,clistltd.com,1,1,triplelift.com
Appvestor ApS,appvestor.com,1,1,aps.amazon.com
ArabyAds FZ-LLC,thepubverse.com,1,1,ogury.com
Arcaneflow LTD,arcaneflow.com,1,1,onetag.com
Archon programmatik house internet reklam,,1,1,adform.com
Ardent Group,theardent.group,1,1,media.net
Arejo GmbH,arejo.de,1,1,adform.com
Arkana,arkana.com,1,1,amxrtb.com
Arro Limited,wrgames.com,1,1,triplelift.com
Artech,artech-agency.tech,1,1,lijit.com
Ascender Publishing,ascender.com,1,1,amxrtb.com
Aseal Inc.,aseal.in,1,4,openx.com
Assembly Digital Limited,assmb.ly,1,1,amxrtb.com
Assertive Yield,assertcom.de,1,3,triplelift.com
Asteri.Io,asteri.io,1,1,amxrtb.com
Astus,astusuk.co.uk,1,1,freewheel.tv
Atizva Technologies IN (Feedify),feedify.net,1,1,themediagrid.com
Atolls GmbH,atolls.com,1,1,improvedigital.com
"Atresmedia Corporación de Medios de Comunicación, S.A",atresmedia.com,1,3,freewheel.tv
Audiomack - Reseller,audiomack.com,1,1,themediagrid.com
Audiomob,audiomob.io,1,4,improvedigital.com
Augustus Media,lovin.co,1,1,seedtag.com
Automattic Reseller,pubmine.com,1,1,themediagrid.com
"Automattic, Inc.",wordpress.com,1,1,pubmatic.com
Autovia,autovia.co.uk,1,1,amxrtb.com
Awarion LLP,awarion.com,1,1,rubiconproject.com
Axel Springer,axelspringer.com,1,2,adyoulike.com
Axel Springer ES,axelspringer.es,1,1,triplelift.com
Azerion Belgium,routenet.be,1,2,improvedigital.com
Azerion Group B.V. (Mmedia),azerion-nl.com,1,1,themediagrid.com
Azerion Technology B.V.,gamedistribution.com,1,1,improvedigital.com
Azure Tech,azuretech.io,1,2,video.unrulymedia.com
B Contract s.r.o.,,1,1,adform.com
B Squared Ad Ops,b2adops.com,1,1,lijit.com
BAB SOFTWARE APPLICATIONS SL,comitium.io,1,1,ogury.com
BAB SOFTWARE APPLICATIONS SL,bab-soft.com,1,1,onetag.com
BAKKHOS TECHNOLOGY PTE. LTD,bakkhosgames.com,1,1,pubmatic.com
BAUER MEDIA OY,bauermedia.fi,1,1,adform.com
BAZOOKA,bazooka.vn,1,1,inmobi.com
BCA Agency Inc,bullettmedia.com,1,1,connatix.com
BCN Brand Community Network GmbH,brand-community-network.de,1,1,adform.com
BE - Edition Ventures,editionventures.be,1,1,teads.tv
BEANI TV LTD,beani.tv,1,1,conversantmedia.com
BIDNEX HONG KONG LIMITED-1,flatfishsafe.com,1,1,inmobi.com
BILGIN PRO - TR,bilgin.pro,1,1,themediagrid.com
BIZENTER,bizenter.co.kr,1,1,themediagrid.com
BLUE EYED GLOBAL TECHNOLOGIES L.L.C,adx.ctvscale.com,1,1,pubmatic.com
BOMESI,bomesi.org,1,1,yahoo.com
BOMESI Accelerator,accelerator.blackownedmedia.org,1,1,kargo.com
BRAINFOOD DIGITAL MEDIA AND PUBLISHING Μ.Ε.Π.Ε,brainfoodmedia.gr,1,1,adform.com
BRANDEDADS SERVICOS PUBLICIDADE LTDA,mediadobrasil.com,1,1,seedtag.com
BabylonCloud,babyloncloud.com,1,4,freewheel.tv
Babyseen Ltd,babyseen.biz,1,1,conversantmedia.com
"Backcountry.com, LLC",backcountry.com,1,1,conversantmedia.com
Baeble Media LLC,baeblemusic.com,1,1,connatix.com
Baidu [HB],baidu.com,1,1,adyoulike.com
Bandsintown Amplified LLC,publishers.bandsintown.com,1,1,aps.amazon.com
Barasi GmbH,barasi.gmbh,1,1,inmobi.com
Bauer,bauermedia.co.uk,1,1,kargo.com
Baylis,maidenhead-advertiser.co.uk,1,2,adyoulike.com
Bc Media Group,bcmediagroup.com,1,1,amxrtb.com
Beachfront - Seedtag CTV,beachfrontmedia.com,1,1,conversantmedia.com
Beetads,beetads.com,1,1,teads.tv
Beintoo S.p.a.,,1,1,adform.com
Bell Media,bellmedia.ca,1,5,indexexchange.com
Bella Media,bellamedialab.com,1,1,adyoulike.com
Benesse Corporation,benesse.ne.jp,1,1,media.net
BidMachine,bidmachine.com,1,1,nativo.com
BidMatrix,bid-matrix.com,1,1,onetag.com
BidMatrix,bidmatrix.com,1,1,video.unrulymedia.com
Bidence Corp.,bidence.com,1,1,rubiconproject.com
Bids Vision [BKO],bidsvision.com,1,1,adyoulike.com
Big Lou Holdings LLC,riverfronttimes.com,1,1,lijit.com
Bismark.it,bismark.it,1,1,teads.tv
Black Enterprise,blackenterprise.com,1,1,rubiconproject.com
Blind Ferret Entertainment Inc,blindferret.com,1,1,lijit.com
Blue Orchid,blueorchid.io,1,1,aps.amazon.com
"Blue Rooster Media, Inc.",blueroostermedia.com,1,1,lijit.com
BluefocusRTBD,bluefocus.com,1,1,inmobi.com
Blueseed JSC,blueseed.group,1,2,pubmatic.com
Blutonic,coed.com,1,1,amxrtb.com
Boats Group LLC,boatsgroup.com,1,1,triplelift.com
Bold Screen Media,boldscreen.tv,1,1,gumgum.com
"Bold Screen Media, LLC",boldscreen.com,1,2,loopme.com
"Bold Screen Media, LLC",boldscreenmedia.com,1,1,pubmatic.com
Bolshevik LTD,ecesevik.test.com,1,1,improvedigital.com
Bonbon Technologies Inc,bonbon.tech,1,1,connatix.com
Bond Dijital İletişim Teknolojileri ve Reklamcılık Ticaret Anonim Şirketi,thebonddigital.com,1,1,improvedigital.com
Bonhill,bonhillplc.com,1,1,teads.tv
Boons Media,boonsmedia.com,1,1,amxrtb.com
"Border Blue, Inc",convertunits.com,1,1,conversantmedia.com
Boundless(Boundless),beboundless.jp,1,1,themediagrid.com
Boutique Audience Network LLC,boutiqueaudience.com,1,1,rubiconproject.com
Brad&K Productions SRL,swservice.biz,1,1,teads.tv
Brain Juice Studio,showmemultiad.xyz,1,1,improvedigital.com
Brain Juice Studio,showmead.xyz,1,2,improvedigital.com
Brainy.inc,platform-id.jp,1,1,rubiconproject.com
"Branch Metrics, Inc.",branchdiscovery.io,1,1,rubiconproject.com
Brave,brave.com,1,2,improvedigital.com
Brave,brave.io,1,3,triplelift.com
Bridgewell Incorporated,scupio.com,1,1,rubiconproject.com
Brightcast,nostalgicbuzz.com,1,1,amxrtb.com
Brightcom_iEmerge,ingress.ventures,1,1,improvedigital.com
Brightcove,brightcove.com,1,2,pubmatic.com
Bro Media Limited,bro-media.net,1,1,amxrtb.com
Broadlab,broadlab.tv,1,1,freewheel.tv
Brown Brothers,brownbrothers.io,1,1,lijit.com
BrowseLift,browselift.com,1,1,adyoulike.com
Browsi Moblile LLC,brow.si,1,1,lijit.com
Brulee Media,bruleepublishing.com,1,1,triplelift.com
Bullivant [HB],bullivantmedia.com,1,1,adyoulike.com
"BumpClick, LLC",bumpclick.com,1,1,openx.com
Burda Media Polska,burdamedia.pl,1,1,lijit.com
Business Advertising GmbH,boerse-online.de,1,1,gumgum.com
Button,tapmedia.io,1,1,triplelift.com
"BuySellAds.com, Inc",cdn4.buysellads.net,1,2,openx.com
"Buzzvil Co., Ltd.",buzzvil.com,1,1,pubmatic.com
C15 Media Networks Limited,c15.studio,1,1,conversantmedia.com
CAN Digital Solutions,tfl.gov.uk,1,1,gumgum.com
CAN Digital Solutions Limited,counciladvertising.net,1,2,openx.com
CAPA Kinoreklame AS,,1,1,adform.com
CASS New & Entertainment,cassfirm.com,1,1,teads.tv
CBC Podcasts,cbc.ca,1,1,improvedigital.com
"CCC Media House Co., Ltd.",cccmh.co.jp,1,1,aps.amazon.com
CLUBIC,clubic.com,1,1,themediagrid.com
"CMI Media, LLC",cmimedia.com,1,1,seedtag.com
CMM Publishing LTD.,lemonpress.net,1,1,improvedigital.com
CMerTV,relaido.jp,1,1,pubmatic.com
CPX Interactive LLC dba Digital Remedy,,1,1,rubiconproject.com
CRP Medios y Entretenimiento S.A.C.,crpradios.pe,1,1,lijit.com
CU114 - KR,cu114.kr,1,1,themediagrid.com
CZECH NEWS CENTER a. s.,cncenter.cz,1,1,pubmatic.com
Cadent LLC/ CMW Holdco Inc,cadent.com,1,1,themediagrid.com
"Cadent, LLC",ssp.cadent.com,1,1,conversantmedia.com
Cambium Media,cambium-media.com,1,1,adyoulike.com
Canal Plus,canalplus.com,1,1,adyoulike.com
Canela Media,canela.tv,1,3,freewheel.tv
Canela Media,canelamedia.com,1,1,video.unrulymedia.com
Captivate Inc.,captivatemedia.us,1,1,amxrtb.com
Carbon Media Group,carbonmedia.com,1,1,lijit.com
Carbonatix,carbonatrix.com,1,1,improvedigital.com
Carbonatix,carbonbatix.com,1,1,triplelift.com
Caruso.gr,caruso.gr,1,1,onetag.com
Castingads,castingads.com,1,1,improvedigital.com
Cataliti.co,cataliti.co,1,1,teads.tv
Cedato Technologies Inc.,cedato.com,1,2,pubmatic.com
Central Digital Publishing LLC,centraldp.com,1,1,conversantmedia.com
Central Digital Publishing LLC,wordplays.com,1,1,video.unrulymedia.com
Centre France Media,centrefrance.com,1,1,amxrtb.com
Chattertime Media,chattertime.media,1,1,sharethrough.com
"Chattertime Media, Inc.",hashtagchatter.com,1,1,lijit.com
Cheetah Mobile,cmcm.com,1,1,pubmatic.com
Chegg,chegg.com,1,1,teads.tv
Cignal.io,cgnl.io,1,1,pubmatic.com
City AM [HB],cityam.com,1,1,adyoulike.com
Citynews,citynews.it,1,1,indexexchange.com
Clear Video LLC,clearvideo.tv,1,1,triplelift.com
ClearPier Inc,clearpier.com,1,1,lijit.com
Clearsky [HB],clearskypublishing.co.uk,1,1,adyoulike.com
Click Performance,clickperformance.com,1,1,amxrtb.com
"Click Performance Group, LLC",pubstream.co,1,1,conversantmedia.com
Clickonometrics Sp. z.o.o.,,1,1,adform.com
Cliqpod,cliqpod.com,1,1,amxrtb.com
Clixy Tv,clixy.tv,1,2,lijit.com
CloudMediaCenterLLC,cloudmc.us,1,2,freewheel.tv
ClubPeople A/S,,1,1,adform.com
Cluster Ad Media,clusteradmedia.com,1,1,amxrtb.com
Clutch Points,clutchpoints.com,1,1,yieldmo.com
Clydo.io,clydo.io,1,1,adyoulike.com
Cognition Ads,cognitionads.com,1,1,freewheel.tv
Coinis,coinis.com,1,1,triplelift.com
Collectcent Digital Media Pvt Ltd.,collectcent.com,1,1,pubmatic.com
Colossus,colossusmediassp.com,1,2,yieldmo.com
Column6,altitude-arena.com,1,1,pubmatic.com
Comcast Cable Communications Management LLC,comcastadvertising.com,1,2,freewheel.tv
Comcast Cable Communications Management LLC,xfinity.com,1,3,freewheel.tv
Comma3 Srl,comma3.com,1,1,teads.tv
Concept X ApS,conceptx.com,1,1,improvedigital.com
ConnectAds Master Account,connectads.com,1,1,sharethrough.com
Conneqt Media LLC,conneqtmedia.com,1,1,connatix.com
"Conocer Digital Holdings, Inc.",mundonow.com,1,2,connatix.com
Contactmusic.com,contactmusic.com,1,1,rubiconproject.com
Content Iq,perion.com,1,1,amxrtb.com
Content Spots,contentspots.com,1,1,aps.amazon.com
Contents Spa,entiredigital.com,1,1,teads.tv
"Continental Expeditions, Inc",cloudx.io,1,2,rubiconproject.com
Converge Digital,converge-digital.com,1,1,amxrtb.com
Converge Digital,converge.digital,1,1,pubmatic.com
"CookApps, Inc",cookappsgames.com,1,1,video.unrulymedia.com
Coolplay Games PTE. LTD.,coolplaygames.com,1,1,rubiconproject.com
Cordless Media LLC,cordless.co,1,1,inmobi.com
Corus Entertainment Inc,corusent.com,1,1,freewheel.tv
Cosmose Pte. Ltd,cosmose.ai,1,1,seedtag.com
Cox Live,coxmedia.com,1,2,freewheel.tv
Crackle.tech,ctech.works,1,1,onetag.com
Crash Media,crashmediagroup.com,1,1,kargo.com
Crate Network,cratenetwork.com,1,1,conversantmedia.com
Crazy Games,crazygames.com,1,1,amxrtb.com
Creative Destruction Media,creativedestructionmedia.com,1,1,amxrtb.com
Critics,critics.com,1,1,lijit.com
Crowdy News,deccanchronicle.com,1,1,pubmatic.com
Crucial Interactive,crucialinteractive.com,1,1,sharethrough.com
Culture Digitali Srl,culturedigitali.eu,1,1,teads.tv
Cutts Media Kft.,cuttsmedia.com,1,1,lijit.com
CyanAds LTD,cyanads.com,1,1,improvedigital.com
CyberAgent (ProFit-X),cyberagent.co.jp,1,1,video.unrulymedia.com
"CyberAgent,Inc.",amoad.com,1,1,themediagrid.com
Cydersoft,cydersoft.com,1,1,conversantmedia.com
D2C,d2c.co.jp,1,1,themediagrid.com
DCB Ventures LLc,crunchill.com,1,1,lijit.com
DEMIROREN INTERNET YAYINCILIGI VE YATIRIM A.S.,medyanet.com.tr,1,1,adform.com
DIGIAD DMCC,digiadglobal.com,1,1,video.unrulymedia.com
DIGITALINNOVATIONGROUPLTD,digitalinnovationgroup.com,1,4,freewheel.tv
DISKWALA LLC,diskwala.com,1,1,inmobi.com
DISPLAY DIJITAL MEDYA,,1,1,adform.com
DOGUS,dogusdigital.com,1,1,themediagrid.com
DPG - BUIENRADAR - NL,buienradar.nl,1,1,themediagrid.com
DPG MEDIA MAGAZINES BV,dpgmediagroup.com,1,2,themediagrid.com
DPG Media B.V.,dpgmedia.nl,1,1,improvedigital.com
DRA 42 Derya Aksu,,1,1,improvedigital.com
DSC live,dsc.live,1,2,indexexchange.com
DSI by Inverleigh Pty Ltd,inverleigh.com,1,1,video.unrulymedia.com
Dagensmedie.dk,dagensmedie.dk,1,1,adform.com
Dagsavisen - NO,dagsavisen.no,1,1,themediagrid.com
Daily Motion APAC,asiaone.com,1,1,conversantmedia.com
Daily Voice - oRTB,dailyvoice.com,1,1,sharethrough.com
Dakmon.Com,lavozdeltrubia.es,1,1,aps.amazon.com
DatVietVAC,datvietvac.vn,1,1,pubmatic.com
Data Inc,folhape.com.br,1,1,teads.tv
Deep Intent,,1,1,undertone.com
Deezer,deezer.com,1,2,improvedigital.com
Densou Trading Desk ApS,densou.dk,1,1,adform.com
Desired Esther Herrera Rodríguez,elvervpn-web.web.app,1,1,video.unrulymedia.com
Dexerto Limited,omni-dex.io,1,1,rubiconproject.com
Dexerto [HB],dexerto.media,1,1,adyoulike.com
Didilabs BV,didilabs.com,1,1,themediagrid.com
Difoosion SL,andro4all.com,1,1,seedtag.com
DigAdTech,digadtech.com,1,1,lijit.com
Digital Bees S.R.L,,1,1,adform.com
Digital Caramel,digitalcaramel.com,1,1,onetag.com
Digital Inspire,digitalinspire.at,1,1,teads.tv
Digital Media Rights,digitalmediarights.com,1,1,pubmatic.com
Digital Radio,digitalradio.mx,1,1,improvedigital.com
Digital Remedy,digitalremedy.com,1,1,amxrtb.com
Digital Room,digitalroom.tech,1,1,lijit.com
DigitalAd s.r.o.,,1,1,adform.com
Digo Network,digo.do,1,1,teads.tv
DimensionsInfo,dimensionsinfo.com,1,1,conversantmedia.com
Dingofox Media Inc.,dingofox.com,1,1,conversantmedia.com
DionMedia,dionmedia.co.kr,1,1,themediagrid.com
DirecTV,directv.com,1,2,freewheel.tv
Direction Dev LLC,directiondev.com,1,1,amxrtb.com
Discovery Consultancy FZ LLC,discovery-consultancy.com,1,1,aps.amazon.com
Dish Network LLC,sling.com,1,1,freewheel.tv
Dish Production Network,dish.com,1,1,freewheel.tv
District M (DMX),districtm.io,1,1,sharethrough.com
DistroTV,distro.tv,1,5,freewheel.tv
Diversity Media,diversitymedia.gr,1,1,amxrtb.com
Diversity Media Sales Ltd,diversitymediasales.com,1,1,video.unrulymedia.com
Dizi Shades Media Pvt Ltd,dizishades.com,1,1,freewheel.tv
DoMobile Co.Ltd,domobile.com,1,1,aps.amazon.com
Dog Fooding Prebid Inc.,,1,1,amxrtb.com
Dogus,dogusyayingrubu.com.tr,1,1,improvedigital.com
Domain Development Corp,newarena.com,1,1,lijit.com
Domyngo Rest LTD,domyngo.com,1,1,video.unrulymedia.com
DongFairy Technology Limited,mindtos.com,1,1,lijit.com
Dorvan.it,,1,1,lijit.com
Dotandmedia,dotandmedia.com,1,1,themediagrid.com
DotdashMeredith,meredith.com,1,1,aps.amazon.com
Dplay Entertainment Ltd,dicoveryplus.com,1,1,conversantmedia.com
DramaBox Exchange (oRTB),videworld.com,1,1,pubmatic.com
Dream Job,dreamjob.ma,1,1,seedtag.com
Dreams Engine,dreamsengine.io,1,1,teads.tv
Droll Digital LLC,heapads.com,1,1,seedtag.com
DugOut,dugout.com,1,2,pubmatic.com
Duke Digital,dukedigital.com,1,1,amxrtb.com
Duke Digital Group,dukedigitalgroup.com,1,1,lijit.com
Duopeak,caerulus.io,1,1,lijit.com
Duplex Technologies Inc.,qz.com,1,1,conversantmedia.com
E Median,e-median.com,1,1,amxrtb.com
E Power,gal.io,1,2,improvedigital.com
E-novative Media,e-novative.dk,1,1,adform.com
EASTIDAHONEWS.COM LLC,eastidahonews.com,1,1,lijit.com
EBX Live,ebx.tv,1,3,freewheel.tv
ENERGY Media,energy.de,1,1,improvedigital.com
ENG Future Media,eng-futuremedia.com,1,1,seedtag.com
EONF,eonf.com,1,1,adyoulike.com
ESS Media Group,essmediagroup.com,1,1,sharethrough.com
ESTLIER - JP,estlier.co.jp,1,1,themediagrid.com
ES_MS_Antevenio,antevenio.com,1,1,teads.tv
ES_MS_SE7EN,se7en.es,1,1,teads.tv
ETARGET SE,,1,1,adform.com
ETARGET SE,etargetmedia.com,1,1,rubiconproject.com
EVOLUTION ADV S.R.L,,1,1,adform.com
Eaglecom,eaglecom.org,1,1,freewheel.tv
Easybid,easybid.it,1,1,pubmatic.com
Easybrain - OB,easybrain.com,1,1,sharethrough.com
Ece Test,ecetest.com,1,1,improvedigital.com
Effyis Inc,bluecarbonconsulting.com,1,1,connatix.com
Eightpoint Technologies - Indirect,travelmanner.com,1,1,sharethrough.com
Einbock GmbH,einbock.com,1,1,improvedigital.com
El Sol de Chiapas,elsoldechiapas.com,1,1,teads.tv
Electric Media,electric.ie,1,1,teads.tv
Elo,elo.ad,1,1,gumgum.com
Embi Media [HB],loteriasdemexico.com,1,1,adyoulike.com
Emittente Editoriale Srl,emittenteeditoriale.it,1,1,adform.com
Emodo LLC,axonix.com,1,1,lijit.com
EmpowerLocalUS,,1,1,sharethrough.com
Empresa Editora El Comerico S.A.,grupoelcomercio.com.pe,1,1,connatix.com
Endeavor Business Media,endeavorbusinessmedia.com,1,1,teads.tv
Engage Media TV LTD,app.engagemedia.tv,1,1,lijit.com
EngageBDR,engagebdr.com,1,1,pubmatic.com
Enhance Inc.,kakaku.com,1,1,media.net
Enhance Inc.,nifty.com,1,1,media.net
Enliple,enliple.com,1,1,themediagrid.com
EnterplanA,enterplana.co.kr,1,1,themediagrid.com
"Enthused Digital, LLC",enthused.com,1,1,rubiconproject.com
Entravision,elboton.com,1,2,improvedigital.com
Epoch Media Group,epochmediagroup.com,1,1,conversantmedia.com
Epom Ltd.,epom.com,1,1,openx.com
Equativ,smartaderver.com,1,1,improvedigital.com
EresInteractiva Inc.,latamdigitalventures.com,1,1,openx.com
Essel Group,esselgroup.com,1,1,amxrtb.com
Essence - Reseller,essence.com,1,1,themediagrid.com
Estadao.Com,estadao.com,1,1,amxrtb.com
Estmob Inc.,estmob.com,1,1,themediagrid.com
Eurozet Sp. z o. o.,eurozet.pl,1,1,lijit.com
Evergreen Lift,evergreenlift.com,1,1,lijit.com
"Everhance, LLC",everhance.com,1,1,conversantmedia.com
Everysport Group AB,everysportgroup.com,1,1,indexexchange.com
Evolution ADV s.r.l.,evolution-adv.it,1,3,openx.com
"Evolve Media, LLC",evolvemediallc.com,1,1,rubiconproject.com
Evomedia Kft.,,1,1,adform.com
Evothink Media LTD,trafficaddicts.net,1,1,teads.tv
Exaring AG,waipu.tv,1,1,improvedigital.com
Exclusive FM,knowlimits.cz,1,1,adform.com
Experience TEN,ten.marketing,1,1,adform.com
Exponential,exponential.com,1,1,sharethrough.com
Exports_Nativious,nativious.timeonegroup.com,1,1,adyoulike.com
Expoworld Biddigi LTD,biddigi.com,1,1,conversantmedia.com
Exte [HB],exte.com,1,1,adyoulike.com
FBS NETWORK SERVICOS DE INFORMACAO LTDA,fbs.network,1,1,seedtag.com
FEEDBACK INC.,asiae.co.kr,1,1,themediagrid.com
FIGAROMEDIAS SAS,figaromedias.fr,1,1,seedtag.com
FIRSTLY SP.z o.o.,,1,1,adform.com
"FLUX, Inc.",flux.jp,1,1,onetag.com
FORTA,newixmedia.com,1,1,aps.amazon.com
FPT ADTRUE,adtrue.com,1,2,pubmatic.com
"FSN Co., Ltd (Cauly Center)",fsn.co.kr,1,1,pubmatic.com
FTPIWEB participacoes e Sericos de Internet LTDA,ftpidigital.com.br,1,1,rubiconproject.com
FUSOSHA Publishing Inc.,fusosha.co.jp,1,1,aps.amazon.com
Fabster,fabster.com,1,1,themediagrid.com
Fairadmedia,fairadmedia.com,1,1,freewheel.tv
Famous Birthdays,famousbirthdays.com,1,1,kargo.com
Fandom [OW],fandom.com,1,1,adyoulike.com
Fark - OB,fark.com,1,1,sharethrough.com
"Farm Journal, Inc.",farmjournal.com,1,1,lijit.com
"Fast Forward, Inc",bestplaces.net,1,1,conversantmedia.com
Favish Inc,zerohedge.com,1,1,rubiconproject.com
Federated Media,federatedmedia.com,1,1,improvedigital.com
Ferri Vito,giornaledipuglia.com,1,1,teads.tv
Fexy,fexy.com,1,1,pubmatic.com
FigJam Offers,figjamoffers.com,1,1,lijit.com
"Filmfeed, Inc.",filmhub.com,1,1,video.unrulymedia.com
Fire-Arc [HB],fire-arc.com,1,1,adyoulike.com
Firework TV,firework.tv,1,1,gumgum.com
First Avenue GmbH,firstavenue.it,1,1,seedtag.com
First Media,soyummy.com,1,1,rubiconproject.com
Firstsport,firstsport.io,1,1,pubmatic.com
Flextech Inc.,terabox.com,1,1,pubmatic.com
Flightradar24 AB,flightradar24.com,1,1,media.net
FlorinTest3,florintest2.com,1,1,connatix.com
FlorinTestAppNexus1,florin.com,1,1,connatix.com
Flowplayer AB,sellers.thirdpresence.com,1,1,openx.com
Fokus Media Finland Oy,fokusmedia.fi,1,1,adform.com
FootballCo Media Limited,goal.com,1,1,inmobi.com
FootyLight Pty Ltd,footylight.com,1,1,pubmatic.com
"Four Score Digital, LLC",fourscore.digital,1,1,aps.amazon.com
FourM,allabout.co.jp,1,1,gumgum.com
FourM Inc.,corp.fourm.jp,1,1,inmobi.com
Foxtel Media,foxtelmedia.com.au,1,1,pubmatic.com
Foxtel Media (formerly MCN),foxtel.com.au,1,1,gumgum.com
France Media [HB],completefrance.com,1,1,adyoulike.com
Freakout,freakout.net,1,1,adyoulike.com
Freakout (Publisher),fout.co.jp,1,1,pubmatic.com
Free Press Media LLC,freepressmedia.co,1,1,connatix.com
"Freecast, Inc",freecast.com,1,1,lijit.com
Freeconvert (Ascendeum) - RESELLER,freeconvert.com,1,1,themediagrid.com
Freestar,snapsort.com,1,1,conversantmedia.com
Freestar,elgourmet.com,1,1,triplelift.com
Freestar,ufc.com,1,1,triplelift.com
Freestar,stockx.com,1,1,triplelift.com
Freestar,theanalyst.com,1,1,triplelift.com
Freestar,mathdrills.com,1,1,triplelift.com
Freestar,benzinga.com,1,1,triplelift.com
Freestar,giphy.com,1,1,triplelift.com
"Frndly TV, Inc.",frndlytv.com,1,1,teads.tv
"From The Top, Inc",fromthetop.io,1,2,lijit.com
Fromnet Corp,playtap.co.kr,1,1,themediagrid.com
"Full-Service Agency Group, Inc. dba Full Circle Strategic Marketing",fullserviceagency.com,1,1,connatix.com
FulyX (oRTB),fulyx.com,1,1,pubmatic.com
Functu,,1,2,improvedigital.com
Fuse Digital Group,fusedg.com,1,1,pubmatic.com
Fuse Media - Publica - CTV (non O&O),fusemedia.com,1,1,sharethrough.com
Futbol Sites,futbolsites.net,1,1,pubmatic.com
Futbol Sites LLC,futbolsitesnetwork.com,1,1,yieldmo.com
Future Today Inc.,futuretodayinc.com,1,1,improvedigital.com
Futuristic Innovative Systems Pvt. Ltd.,futuristicinnovative.com,1,1,connatix.com
Fútbol Fantasy,futbolfantasy.com,1,1,ogury.com
"G/O Media, Inc.",g-omedia.com,1,1,themediagrid.com
GAFF LIMITED,gaffmedia.com,1,3,freewheel.tv
GAFF LIMITED,affmedia.com,1,1,freewheel.tv
"GFR Media, LLC",gfrmedia.com,1,1,lijit.com
GMana Ad Solutions,gmana-ads.com,1,1,triplelift.com
GOODLIFE Co.,goodlifes.jp,1,1,themediagrid.com
"GROUP PUBLISHING CONTEUDO, TECNOLOGIA E SERVICOS DE INFORMACAO LTDA - EPP -",fundigital.net.br,1,1,seedtag.com
GROUPE SEB MEDIA,groupeseb.com,1,2,seedtag.com
GROUPEdeRADiOS,groupederadios.fr,1,1,improvedigital.com
GRUMFT MEDIA,cbyk.com.br,1,1,teads.tv
GRUPO M CONTIGO SLU,mcontigo.com,1,1,themediagrid.com
GRUPO RPP SAC,gruporpp.com.pe,1,1,connatix.com
GSDS,gsdsinc.com,1,1,lijit.com
GSN Games Inc.,gsngames.com,1,1,conversantmedia.com
GWI Media Technologies GmbH,gw-interactive.com,1,1,improvedigital.com
Gaana,gaana.com,1,1,amxrtb.com
Galgarpia Empreendimentos Ltda.,galgarpia.com.br,1,1,teads.tv
Game Jolt Inc,gamejolt.com,1,1,lijit.com
GamePress,gamepress.gg,1,10,triplelift.com
Gamer Network,gamer-network.com,1,1,gumgum.com
Gamma Group Pte Ltd,gammassp.com,1,1,pubmatic.com
Gatoconbota,atoconbota.com,1,2,improvedigital.com
Gday Advertising,cosmosmagazine.com,1,1,media.net
Gecko Technologies DMCC,gecko.me,1,1,themediagrid.com
Gemius RO,gemius.ro,1,1,ogury.com
Genart Medya Reklamcilik Iletisim Ticaret AS,,1,1,adform.com
Geniee International PTE. LTD,en.geniee.co.jp,1,1,kargo.com
Genius Market Ltd,wisology.com,1,1,rubiconproject.com
Georges Media Group,theadvocate.com,1,1,pubmatic.com
GimmeMore GmbH,gimmemore.com,1,1,seedtag.com
Glacier Media Digital LP,glaciermedia.ca,1,1,seedtag.com
Global Distribution Services,globaldistributionservices.com,1,1,video.unrulymedia.com
Global Sun Media,globalsun.io,1,2,pubmatic.com
Globe Capital Venture Holdings Inc,gcash.com,1,1,pubmatic.com
GlobeITMEDIA,globoitmedia.it,1,1,lijit.com
Gmana Ltd,g-mana.com,1,1,freewheel.tv
Gnet RTB LLC,gnetrtb.com,1,1,rubiconproject.com
Goldbach Audience Austria GmbH,gb-next.at,1,1,pubmatic.com
Goldbach Germany GmbH,goldbach-germany.de,1,1,pubmatic.com
GomFactory,adxcorp.kr,1,2,themediagrid.com
Goodreads UAM,goodreads.com,1,1,yahoo.com
Google OB – ALBA Inc.,alba.co.jp,1,1,video.unrulymedia.com
Google Open Bidding,admanager.google.com,1,1,sharethrough.com
GotDigital,gotdigital.com,1,1,nativo.com
GothamAds LLC,intenziq.co,1,1,improvedigital.com
Gourmet Ads Pty Limited,,1,1,adform.com
Granite Cubed LLC,granitecubed.com,1,2,openx.com
Granite Media Group,granitemedia.com,1,2,triplelift.com
Gravitas Digital Media Solutions FZ LLE,gravitas-digital.com,1,1,rubiconproject.com
GridMidia,gridmidia.com,1,1,teads.tv
Group Systemik,astucesmobiles.com,1,1,adyoulike.com
Groupe La Centrale (Département DriveMedia),drivemedia.fr,1,1,improvedigital.com
GrowOne,growone.sg,1,1,pubmatic.com
Growzee,growzee.io,1,1,pubmatic.com
Grupo Alpha Media,alphamedia.com.ar,1,1,improvedigital.com
Grupo America,grupoamerica.com.ar,1,1,improvedigital.com
Grupo Audio Brasil,jb.fm,1,1,improvedigital.com
Grupo BluRadio,caracoltv.com.co,1,2,improvedigital.com
Grupo Contteudo,grupocontteudo.com.br,1,1,lijit.com
Grupo Godó,rac1.cat,1,1,improvedigital.com
Grupo Octubre,octubre.com,1,1,improvedigital.com
Grupo Radio Centro,radiocentro.com,1,1,improvedigital.com
Grupo Renascença,gruporenascencamultimedia.com,1,1,improvedigital.com
Guild Launch LLC,gamerlaunch.com,1,1,openx.com
"Guild Launch, LLC",gameskinny.com,1,1,lijit.com
Gumtree AU Reseller,gumtree.com.au,1,1,themediagrid.com
H12 UK LTD,h12-media.com,1,1,themediagrid.com
"HK Smarter Mobi Technology Co.,Limited",mobpals.com,1,1,pubmatic.com
HOPPex Kft.,arukereso.hu,1,6,indexexchange.com
Happy Pancake AB,happypancake.com,1,1,pubmatic.com
Hatena Co Ltd,hatena.ne.jp,1,1,rubiconproject.com
Havuja Ou,,1,1,adform.com
Healevate LLC,healthdish.com,1,1,pubmatic.com
Hearst,comicskingdom.com,1,1,pubmatic.com
Helix Digital,helixdig.com,1,1,pubmatic.com
Heracleos LLC,conversationexchange.com,1,1,ogury.com
Herdifier Oy,,1,1,adform.com
Herdoza Studio,herdozastudio.com,1,1,ogury.com
Hero Novel,herogames.net,1,1,video.unrulymedia.com
"Herring Networks, Inc.",oann.com,1,1,seedtag.com
Heureka,heureka.cz,1,1,onetag.com
Hexagon Data,hexagondata.com,1,1,pubmatic.com
Heycar Network,heycarnetwork.com,1,1,amxrtb.com
"Hip Happenings, LLC",hip2save.com,1,1,media.net
HitApps,hitappsgames.com,1,1,pubmatic.com
Hitapps,hitapps.com,1,1,video.unrulymedia.com
Hivestack,hivestack.com,1,1,undertone.com
Holid,holid.com,1,1,triplelift.com
Hooligan Media,hooliganmedia.com,1,1,amxrtb.com
Hoopladigital,hoopladigital.com,1,1,teads.tv
Hornet - reseller,hornet.com,1,1,themediagrid.com
Huvleview,huvle.com,1,1,teads.tv
Hybrid Media s.r.o.,mihybrid.com,1,1,adform.com
Hypable,hypable.com,1,1,amxrtb.com
ICardoo Digital Marketing srl,headerbidding.agency,1,1,improvedigital.com
IDEA PROGRAMMATIC SOLUTIONS AND SERVICES FZ-LLC,ideanetwork.site,1,1,seedtag.com
IK Outdoor HU,ikoutdoor.hu,1,1,adform.com
IMG Media - oRTB,img.com,1,1,sharethrough.com
IMMEDIATE MEDIA COMPANY,immediate.co.uk,1,1,adform.com
INCLUSIVE Inc.,inclusive.co.jp,1,1,themediagrid.com
INFOMO DIGITAL MEDIA PRIVATE LIMITED - oRTB,torcai.com,1,1,pubmatic.com
INFOSTUD 3 DOO SUBOTICA,inspiragrupa.com,1,1,seedtag.com
"INTERDOG MEDIA CO., LTD",interdogmedia.com,1,1,seedtag.com
INTERWORKS,interworks.com,1,1,themediagrid.com
INUXU DIGITAL MEDIA TECHNOLOGIES PRIVATE LIMITED,adgebra.co,1,1,rubiconproject.com
IOMEO,madamebuzz.com,1,1,seedtag.com
IQVIA Digital,iqviadigital.com,1,1,nativo.com
IT-Poland.com Jacek Pecko,it-poland.com,1,1,lijit.com
ITP Media Group,itp.com,1,1,seedtag.com
Iconic Newspapers [HB],mediaforcegroup.co.uk,1,1,adyoulike.com
IdeaSolutions srl,ideasolutions.it,1,1,themediagrid.com
Ideon Media,ideonmedia.com,1,1,sharethrough.com
Iheart,iheart.com,1,1,video.unrulymedia.com
Iliffe Media [HB],iliffemedia.co.uk,1,1,adyoulike.com
Imagen Digital,imagenradio.com.mx,1,1,improvedigital.com
InMarket Media LLC,inmarket.com,1,1,pubmatic.com
InchMediaLTD,inch.media,1,4,freewheel.tv
Index,index.hr,1,1,triplelift.com
Index curate tracking,,1,1,undertone.com
Infinety Online Media es Marketing Kft.,,1,1,adform.com
Influent Media,vivino.com,1,2,media.net
Influncer srls,unita.tv,1,1,seedtag.com
Infoplaza Network BV,weeronline.nl,1,1,gumgum.com
Informativka d.o.o.,informativka.com,1,1,lijit.com
IngbarTest,dogtrainingcode.com,1,1,risecodes.com
Ingenio,ingenio.com,1,1,pubmatic.com
Innity Sdn Bhd,beautifulnara.com,1,1,pubmatic.com
"Innobiz Media Co., Ltd.",korean.co.kr,1,1,themediagrid.com
Inquirer (iVS),inquirer.net,1,1,themediagrid.com
Inscribe Wisdom LLC,inscribewisdom.com,1,1,connatix.com
Insider [HB],insider.com,1,1,adyoulike.com
Integral Stream,integralstream.com,1,1,adyoulike.com
IntellectScoop Media Pvt Ltd,intellectscoop.com,1,1,loopme.com
Interscroller srl,adv.intxr.com,1,1,gumgum.com
Into The Bid LLC,intothebid.com,1,1,conversantmedia.com
Inuvo,inuvo.com,1,1,amxrtb.com
"Inven Co., Ltd.",inven.co.kr,1,1,themediagrid.com
Invest Net,,1,1,adform.com
Investing Channel,media.investingchannel.com,1,1,conversantmedia.com
Investing [HB],investing.com,1,1,adyoulike.com
Investors Hub,investorshub.advfn.com,1,1,conversantmedia.com
Ionic Studios LLC,ionic.tv,1,1,conversantmedia.com
Italia Online,libero.it,1,1,blis.com
Ivoox,ivoox.com,1,1,improvedigital.com
Izismile,izismile.com,1,1,amxrtb.com
"J Carter Marketing, Inc",jcartermarketing.com,1,1,conversantmedia.com
"J Carter Marketing, Inc.",adfrontiers.com,1,1,openx.com
J MEDIA GLOBAL LLC,thejmg.com,1,1,lijit.com
"J-CAST, Inc.",j-cast.co.jp,1,1,aps.amazon.com
J. Fac Associates LLC,jfacassoc.com,1,1,video.unrulymedia.com
JOONGANG_JAPANESE - KR,jtbc.co.kr,1,1,themediagrid.com
JVC Broadcasting,jvcbroadcasting.com,1,1,improvedigital.com
JWA,tenki.jp,1,1,themediagrid.com
JWS Media SRL,jwsmedia.it,1,1,rubiconproject.com
Jagran New Media,jagrannewmedia.com,1,1,amxrtb.com
Janalta Interactive Inc.,janalta.com,1,1,lijit.com
"Jane, Inc.",janesoft.net,1,1,aps.amazon.com
Janson,janson.com,1,2,openx.com
Joseph Charles Corbe DBA 1631 Digital LLC,1631digital.com,1,1,connatix.com
"Jukin Media, Inc",jukinmedia.com,1,1,openx.com
Julep Media,julep.de,1,1,improvedigital.com
Jun Group,hyprmx.com,1,1,media.net
Jungle Technology LLC,jungletechnology.com,1,1,lijit.com
JungleAds srl,sportreview.it,1,1,themediagrid.com
K-Media Group,kmediaconsulting.co.uk,1,1,lijit.com
KANARIT - JP,dietbi.com,1,1,themediagrid.com
KANZEN CORP.,kanzen.jp,1,1,aps.amazon.com
KLEEKR,playtem.com,1,1,rubiconproject.com
KLIPY,klipy.co,1,1,inmobi.com
Kadokawa Corporation,kadokawa.co.jp,1,1,media.net
Kai OS Technologies (Hong Kong) Limited,kaiostech.com,1,1,pubmatic.com
Kakao Corp.,kakaocorp.com,1,1,themediagrid.com
Kalifornia Ads Srl,admonkey.mobi,1,1,themediagrid.com
KapanLagi Youniverse,brilio.net,1,1,themediagrid.com
Katz Digital,katzdigital.com,1,1,freewheel.tv
Kawarizmi SAS,kawarizmi.com,1,1,themediagrid.com
Kazan,exceljet.net,1,1,triplelift.com
Kepler Group,keplergrp.com,1,1,freewheel.tv
Keppet ApS,,1,1,adform.com
KeyGames (Talpa Gaming),funnygames.nl,1,2,improvedigital.com
KeyGames Network,,1,2,improvedigital.com
Keyword - Tech,keyword-tech.com,1,1,rubiconproject.com
Kidoodle,victoryplus.com,1,1,triplelift.com
Kika Tech Inc.,kikatech.com,1,1,themediagrid.com
Kiloo,kiloo.com,1,2,improvedigital.com
Klik Klik Oy,,1,1,adform.com
Koah Labs,koahlabs.com,1,1,gumgum.com
Koah Labs,app.koah.ai,1,1,pubmatic.com
Komoona Ltd.,komoona.com,1,4,lijit.com
Kompas,kompas.com,1,1,themediagrid.com
Kongregate,kongregate.com,1,1,conversantmedia.com
Kontext,megabrain.co,1,1,pubmatic.com
Kpex Ltd.,kpex.co.nz,1,1,pubmatic.com
Krazy Coupon Lady,thekrazycouponlady.com,1,2,triplelift.com
Kronehit RadiobetriebsgmbH,kronehit.at,1,1,improvedigital.com
Kueez,weare.kueez.com,1,1,risecodes.com
LATINX CTV LLC,latinxctv.com,1,1,media.net
LIGHT ADS - SERVICOS DE PUBLICIDADE E GESTAO DE DADOS LTDA - ME,lightads.com.br,1,1,seedtag.com
La Casa Enterprises Inc,2fitmagazine.com,1,1,lijit.com
Lacuna,lacunads.com,1,1,pubmatic.com
Lagardere,lagardere.com,1,1,improvedigital.com
Lamark Media,lmdirect.com,1,1,nativo.com
Landocs Holdings LTD,sellyourwebsite.guru,1,1,adyoulike.com
Lapreferente - ES,lapreferente.com,1,1,themediagrid.com
Latinon Group,latinongroup.com,1,1,amxrtb.com
"Launch Media Solutions, LLC",launchpotato.com,1,1,media.net
Launch Potato - OB,fungrab.com,1,1,sharethrough.com
Le Van Thang dba BidGear,bidgear.com,1,1,connatix.com
Lead id LLC,leadid.net,1,1,video.unrulymedia.com
Leap Media Group LLC,leapmediagroup.net,1,1,conversantmedia.com
Leap Media Group LLC,leapmediagroupllc.com,1,1,improvedigital.com
Libsyn,libsyn.com,1,2,improvedigital.com
"Life360, Inc.",life360.com,1,1,themediagrid.com
Lifehack Media Pte. Ltd.,lifehack.org,1,1,conversantmedia.com
Liftable Media Inc,westernjournal.com,1,1,aps.amazon.com
Linea Directa Portal,lineadirectaportal.com,1,1,lijit.com
Linkprice,linkprice.com,1,1,themediagrid.com
"Linkties-Digital Co., Ltd.",linkties-digital.com,1,1,aps.amazon.com
Linotype.AI,linotype.ai,1,1,pubmatic.com
Liveleak,liveleak.com,1,1,aps.amazon.com
Local Media Advisor,localmediaadvisor.com,1,1,sharethrough.com
Local Yokel Media,localyokelmedia.com,1,1,rubiconproject.com
Logic4 UAB,,1,1,adform.com
Lola Digital Media LLC,loladigitalmedia.com,1,1,rubiconproject.com
Longitude Ads LLC,client.longitudeads.com,1,2,openx.com
"Longitude Ads, LLC",addkt.com,1,1,gumgum.com
"Lookverin, Inc",lookverin.com,1,1,pubmatic.com
"Loop Now Technologies, Inc.",firework.com,1,1,rubiconproject.com
"Loyalty Marketing, Inc.",ponta.jp,1,1,aps.amazon.com
Lucrative Gaming Inc,flashgamelicense.com,1,1,ogury.com
Luso [HB],luso.gg,1,1,adyoulike.com
MAXOUT MEDIA LTD,maxout.media,1,1,themediagrid.com
MB Adnbuzz,adnbuzz.com,1,1,adform.com
MB Digitaurum,digitaurum.lt,1,1,lijit.com
MCG Ads,mcgads.com,1,1,adyoulike.com
"MEDIA EYES CO.,LTD",mediaeyes.vn,1,1,pubmatic.com
MEDIALAB.AI Inc,medialab.la,1,1,themediagrid.com
MEMBRANA EUROPE B.V.,notsy.io,1,2,triplelift.com
METEO365.com Ltd,meteo365.com,1,1,seedtag.com
"MEX INFO CO., LIMITED",mobiexchanger.com,1,2,pubmatic.com
MG,tunoticiapr.com,1,1,lijit.com
MGL 2,myjoyonline.com,1,1,improvedigital.com
MINT Square GmbH,mint-square.com,1,1,adform.com
MMS COMMUNICATIONS DOO BEOGRAD,publicisone.rs,1,1,adform.com
MMS USA Holdings dba Epsilon Data Management,epsilon.com,1,1,video.unrulymedia.com
MOVIads sp. z o.o. sp. K.,audiencemediagroup.com,1,1,adform.com
MOVIads sp. z o.o. sp. k.,,1,1,adform.com
MOW PLAYER LLC,revistaforum.com.br,1,1,seedtag.com
MOWPlayer,biddo.net,1,1,pubmatic.com
MSX Contents,msxcontents.com,1,1,teads.tv
"MTI Co., Ltd.",mti.co.jp,1,1,themediagrid.com
MTV Oy,mtvyritys.fi,1,1,freewheel.tv
MWMLanguageServices.com Inc,multiculturalwebmedia.com,1,1,rubiconproject.com
MXPlayer,mxplayer.in,1,1,loopme.com
Mackolik İnternet Hizmetleri Ticaret A.Ş.,mackolik.com,1,1,themediagrid.com
"Mactrast, LLC",healthiguide.com,1,1,conversantmedia.com
Mad Men Consulting AB,madmen.se,1,1,rubiconproject.com
MagellanTV,magellantv.com,1,1,triplelift.com
MaineToday Media,mainetoday.com,1,1,lijit.com
Mamma Marketing Limited,mamma-ads.com,1,1,lijit.com
Manatee ApS,manatee.dk,1,1,rubiconproject.com
Mantor Media,ryanfritz.net,1,1,teads.tv
Marketplace Inc.,marketplace.co.jp,1,1,rubiconproject.com
Marketplace- oRTB - not in use,abc.com,1,3,sharethrough.com
Markets Inside Media GmbH,boersennews.de,1,1,improvedigital.com
Markito,markito.tv,1,1,adyoulike.com
Mas Comunicación,mascomunicacion.com.mx,1,1,teads.tv
Masterclick Ltd,streamloyal.ai,1,1,improvedigital.com
Math Industries Srl,youmath.it,1,1,pubmatic.com
Maticway Media PTE Ltd,maticway.com,1,1,media.net
Matricamedia.com,matricamedia.com,1,1,adyoulike.com
"Matters Media, Inc.",mattermediagroup.com,1,1,lijit.com
Maxetise AB,,1,1,adform.com
Maxetise AB,maxetise.net,1,1,rubiconproject.com
Maxvalue [HB]- DO NOT USE,maxvalue.media,1,2,adyoulike.com
Me2Zen Limited,me2zen.com,1,1,themediagrid.com
"Media 122, LLC",media122.com,1,2,pubmatic.com
Media Capital Digital S.A.,mediacapital.pt,1,1,themediagrid.com
Media Chain,mediachain.io,1,1,teads.tv
Media Data Factory SRL,mediadatafactory.com,1,1,lijit.com
Media Figaro,media.figaro.fr,1,1,amxrtb.com
"Media Fix Online, LLC",chosun.com,1,1,openx.com
Media Impact GmbH & Co. KG,screenondemand.de,1,2,adform.com
Media Investment Partners,mip30.com,1,2,freewheel.tv
Media PanArab,mediapanarab.com,1,1,teads.tv
Media Prime,triboo.com,1,1,sharethrough.com
Media Pulse Inc,mediapulse.ca,1,1,loopme.com
Media Sense,mediasense.com,1,1,amxrtb.com
"Media Tradecraft Sporcle, Inc",sporcle.com,1,2,media.net
Media&Leads,mediaandleads.com,1,1,adform.com
MediaCo Operations LLC dba Estrella MediaCo,estrellamedia.com,1,1,teads.tv
MediaDojo Inc.,mediadojo.co,1,43,openx.com
MediaForce,1xl.com,1,1,risecodes.com
MediaHafen,mediahafen.com,1,1,adform.com
MediaLab,media-lab.ai,1,1,gumgum.com
Mediaforce,mediaforce.co.uk,1,1,teads.tv
Mediageuzen BE,mediageuzen.be,1,1,adform.com
Mediameeting,infoccitanie.fr,1,1,improvedigital.com
Mediameeting,a2prl.fr,1,1,improvedigital.com
Mediamob srl,mediamob.it,1,1,themediagrid.com
Mediarock Corporation,mediarocktechbranding.com,1,1,themediagrid.com
Mediately Srl,mediately.it,1,1,teads.tv
Mediately srl,anticipazionitv.it,1,1,seedtag.com
Mediavine,adsbymediavine.com,1,2,yieldmo.com
Mediawayss,invamia.com,1,1,onetag.com
Mediology OW,mediologysoftware.com,1,1,pubmatic.com
Medmob,medmob.com,1,1,amxrtb.com
Medya Net,medyanetgrup.com.tr,1,1,amxrtb.com
Meetscale,bricks-co.com,1,5,triplelift.com
Melodong (In-app),67yo.net,1,1,pubmatic.com
Melodong Limited,melodong.com,1,1,pubmatic.com
Melty Group,meltygroup.com,1,1,pubmatic.com
Memob Plus FZ-LLC,memob.com,1,1,improvedigital.com
Memories [HB],memories.net,1,1,adyoulike.com
Meruelo Media,935kday.com,1,1,improvedigital.com
MetaX,metax.com,1,1,lijit.com
Metaps One Inc.,become.co.jp,1,1,themediagrid.com
Meteo france,meteofrance.fr,1,1,adyoulike.com
MezzoMedia Inc.,mman.kr,1,2,pubmatic.com
"MicroAd, Inc.",microad.jp,1,1,openx.com
Microsoft Bing,bing.com,1,2,improvedigital.com
Migdor Ltd.,phoenix-widget.com,1,1,themediagrid.com
Mikrop Prodýkiyon Organizasyon Iletisim Film,,1,1,adform.com
Mile Tech B.V.,leventmedia.nl,1,1,seedtag.com
Milkywase,milkywase.com,1,1,lijit.com
Mindmax Oy,,1,1,adform.com
Mirai,miraipartners.ai,1,1,triplelift.com
Mirai Partners 1125 LLC,joju.ai,1,1,conversantmedia.com
Missnovels,13eh.com,1,1,video.unrulymedia.com
MixedBin Media,mixedbin.com,1,1,lijit.com
Mobfox US LLC,uis.mobfox.com,1,1,pubmatic.com
Mobii,mobii.com,1,1,themediagrid.com
"Mobiquity Networks, Inc.",advangelists.com,1,1,rubiconproject.com
Mobitech Technologies Ltd,mobitechtechnologies.com,1,1,themediagrid.com
Mobiyoung Digital Ad Agency Pvt Ltd,mobiyoung.com,1,1,rubiconproject.com
Mobsta,mobsta.com,1,1,teads.tv
Mobusi Mobile Advertising SL.,mobusi.com,1,1,pubmatic.com
Mochi Magazine - Fabrik,mochimag.com,1,1,kargo.com
MojoMobi,mojomobi.com,1,1,adyoulike.com
Molotov TV,molotov.tv,1,1,pubmatic.com
Monetix Ad-Tech L.L.C-FZ,monetixads.com,1,1,improvedigital.com
MonetizeMore,pubguru.com,1,2,lijit.com
Money Times,actaholding.com.br,1,1,teads.tv
Monsy,monsy.com,1,1,amxrtb.com
MoonBall Media LLC.,moonball.tv,1,1,loopme.com
Mothership Marketing GmbH,mothersh1p.de,1,1,improvedigital.com
Motivate - AE,motivatemedia.com,1,1,themediagrid.com
Moto.it,crm.it,1,1,themediagrid.com
Motoplanete,groupe-sipa-ouest-france.fr,1,1,triplelift.com
Motors Regie,motorsregie.com,1,1,rubiconproject.com
Moving Walls Pte Ltd,movingwalls.com,1,1,rubiconproject.com
Mowplayer LLC,chilevision.cl,1,1,conversantmedia.com
Mth Sense Inc.,mthsense.com,1,1,openx.com
Multimedios Radios,milenio.com,1,1,improvedigital.com
Multimerica,multimerica.com,1,1,triplelift.com
Multiply,multiply.com,1,1,amxrtb.com
Mundial Media,pub.mundialmedia.dev,1,1,onetag.com
Mundial Media Inc,mundialmedia.com,1,1,rubiconproject.com
Mutlu Isler Teknoloji Ve Iletisim,happydigital.com.tr,1,1,themediagrid.com
MuxIP,muxip.com,1,4,freewheel.tv
My Code Media,mycodeplatform.com,1,1,inmobi.com
Myth Dev,myth.dev,1,1,seedtag.com
Mythiell - KR,mythiell.com,1,1,themediagrid.com
"NAMA Global, LLC",theaudiencestreet.com,1,1,rubiconproject.com
"NAVITIME JAPAN Co., Ltd.",corporate.navitime.co.jp,1,1,media.net
"NBCUniversal Media, LLC",nbc.com,1,1,freewheel.tv
NBCu LATAM,nbculatam.com,1,1,freewheel.tv
NDC Media,persgroep.nl,1,1,rubiconproject.com
NEMO DIGITAL EPE,nemo.gr,1,1,adform.com
NEWIDCo,its-newid.com,1,3,freewheel.tv
NHN ACE Corporation,acexchange.co.kr,1,2,pubmatic.com
NIGHT STEED S.C.,snowheroes.io,1,2,improvedigital.com
NIKKAN SPORTS NEWS Inc.,nikkansports.com,1,1,media.net
NInja Tools Inc.,samurai-factory.jp,1,1,openx.com
NRG Media,nrgmedia.com,1,1,improvedigital.com
NRJ France,nrj.fr,1,1,improvedigital.com
NYHETER365 AB,n365group.com,1,1,themediagrid.com
Najiba,najiba.com.br,1,1,teads.tv
Naki,naki.app,1,1,improvedigital.com
NarendraTechnologiesPrivateLimited,narendratech.com,1,4,freewheel.tv
Narrative Entertainment  UK Limited,narrative.com,1,1,conversantmedia.com
"Nasmedia Co., Ltd",admixer.co.kr,1,1,pubmatic.com
Native Ads,nativeads.com,1,1,sharethrough.com
"Native Ads, Inc",dlgd.net,1,1,lijit.com
Naviga Inc,newscyclemobile.com,1,1,aps.amazon.com
Naviget,naviget.com,1,1,adyoulike.com
Nebulaads media,nebulaads.com,1,1,lijit.com
Ned Media,nedmedia.io,1,1,pubmatic.com
Neo Interactive Corp,neoebiz.co.kr,1,2,themediagrid.com
Nerium Business LTD aka Cranberry Ads,cranberryads.com,1,1,video.unrulymedia.com
Netlink Online,netlink.vn,1,1,pubmatic.com
Netpool Finland Oy,netpool.net,1,1,adform.com
Netric Sales AB,netricsales.com,1,1,rubiconproject.com
Networkad,networkad.net,1,1,rubiconproject.com
Networx Digital,networxdigital.com,1,1,adform.com
New Day Media,newdaymedia.com,1,1,lijit.com
New Times Rwanda,newtimes.co.rw,1,1,lijit.com
NewBase Inc,timeinc.com,1,1,rubiconproject.com
NewBornTown International Enterprise Ltd.,newborntown.com,1,1,pubmatic.com
"News Revenue Hub, Inc.",fundjournalism.org,1,1,rubiconproject.com
News Usa Digital,newsusa.com,1,1,amxrtb.com
NewsCorp - UnR - US,newscorp.com,1,2,teads.tv
NewsQuest [HB],newsquest.co.uk,1,1,adyoulike.com
Newsbreak,themsp.ai,1,1,pubmatic.com
Newsmax,newsmax.com,1,1,improvedigital.com
Newsweek.Ro,newsweek.ro,1,1,amxrtb.com
Newtonsmobi Limited,newtonsads.com,1,1,pubmatic.com
Nexads,nexads.io,1,1,triplelift.com
Nexads,nexad.io,1,1,triplelift.com
Next SEO,nextseo.net,1,1,lijit.com
Nextweb,e-radio.gr,1,1,onetag.com
Nhra,nhra.com,1,1,amxrtb.com
Nimpha LTD,psvgamestudio.com,1,1,improvedigital.com
NinthDecimal,ninthdecimal.com,1,1,pubmatic.com
Nirooh,nirooh.com,1,1,improvedigital.com
Nitmus,segyemeil.com,1,1,themediagrid.com
Nitrouppi,nitrouppi.com,1,1,lijit.com
Nobeta [HB],nobeta.com,1,1,adyoulike.com
Noqoush Mobile Media Group FZ-LLC,adfalcon.com,1,1,rubiconproject.com
Norrkoping Tidningars Media AB,,1,1,adform.com
North 101 Group LLC dba Get To Revenue,gettorevenue.com,1,1,video.unrulymedia.com
Notsy B.V.,en.membrana.media,1,1,improvedigital.com
Noun & Noun LLC,kamarketing.co.za,1,1,lijit.com
Novelty Magazines Inc,novelty.media,1,1,lijit.com
Novicue Technology Solutions LLC,novicue.com,1,1,improvedigital.com
Nuba,nuba.io,1,2,pubmatic.com
NubaTV,nubatv.io,1,1,triplelift.com
Nyheter365 AB,newsner.com,1,1,adform.com
O2R Intelligence,o2rintelligence.com,1,1,connatix.com
OAN sp. z o.o.,,1,1,adform.com
OB Onboard Online GAM Publishers,corp.vsichkioferti.bg,1,1,triplelift.com
OBOX,obox.group,1,1,aps.amazon.com
OBYR LTD,obyr.co,1,1,rubiconproject.com
OKO Digital Limited,lens.oko.uk,1,2,openx.com
OLX Global B.V.,olxgroup.com,1,1,lijit.com
OMG,omg.com,1,1,freewheel.tv
OMG Marketplace CZ,omd.com,1,1,adform.com
OMP,ompventures.com,1,1,lijit.com
OMS,oms.fm,1,1,lijit.com
ONAIR LIVE INNOVATIONS LTD,onairglobal.com,1,1,improvedigital.com
OPENADS,openhost.es,1,1,teads.tv
OTT Studio,ott.studio,1,1,teads.tv
"OTTera, Inc.",ottera.tv,1,1,inmobi.com
Observador,observador.pt,1,1,improvedigital.com
"Ocean Holdings Co., Ltd.",oceanholdings.co.jp,1,1,themediagrid.com
Olhar Digital Networks Ltda,olhardigital.com.br,1,1,connatix.com
OmniJay,omnijay.com,1,1,pubmatic.com
Omnicom-Kinesso,acxiom.com,1,1,freewheel.tv
On-Sight Inc.,on-sight.biz,1,1,themediagrid.com
On3,on3.com,1,1,onetag.com
OnCore Digital Inc.,revnewdigital.com,1,1,seedtag.com
OncoreTV,oncoretv.com,1,1,triplelift.com
One Tech Group - OLV,onetech.group,1,1,rubiconproject.com
OneDSP_OneLog,onedsp.digital,1,1,adform.com
Onefootball Gmbh,company.onefootball.com,1,1,improvedigital.com
Online Media Methodologies LTD,mindadmedia.com,1,1,improvedigital.com
Onnetworkad,onnetwork.tv,1,1,amxrtb.com
Oola Group,theoolagroup.com,1,1,amxrtb.com
Oovvuu,oovvuu.com,1,2,pubmatic.com
"Open Rhapsody Co., Ltd.",adrop.io,1,1,themediagrid.com
OpenMoneta LLC.,apacdex.com,1,1,openx.com
OpenWeb,openweb.com,1,1,inmobi.com
Opera Software Americas LLC,rtbscale.com,1,1,rubiconproject.com
Oppa Media,oppa.media,1,1,ogury.com
Optad360,polishexpress.co.uk,1,1,amxrtb.com
Opti Digital,opti-digital.com,1,1,conversantmedia.com
Opti Digital,gizmodo.com,1,1,triplelift.com
Optima,,1,1,sharethrough.com
Optima Network SL,optimanetwork.net,1,1,openx.com
Organic Ventures Inc,northequity.com,1,1,gumgum.com
"Origin Media, Inc.",originmedia.com,1,1,seedtag.com
Oslo Technology Consulting AS -Driftskonto,soltion.no,1,1,themediagrid.com
Outsmart Media SRL,mediafax.ro,1,1,themediagrid.com
Owlient - FR,owlient.fr,1,1,themediagrid.com
P@RUVENDU,paruvendu.fr,1,1,themediagrid.com
"PATI VENTANA, S.L.U",divinacocina.hola.com,1,1,seedtag.com
PBH Network,pbh2.com,1,1,pubmatic.com
PGA TOUR,pgatour.com,1,1,aps.amazon.com
PJEHANNES,synonymo.fr,1,1,themediagrid.com
PMG,pmg.com,1,1,freewheel.tv
POLARIS MEDIA,polarismedia.no,1,1,themediagrid.com
POWERBEANS LTD,powerbeans.ai,1,1,inmobi.com
PRIEL,todayreport.co.kr,1,1,themediagrid.com
PRISA,prisabs.com,1,1,triplelift.com
PROFITSENCE (PVT) LTD,profitsence.com,1,1,onetag.com
PROMETHEUS GLOBAL MEDIA LLC,billboard.com,1,1,connatix.com
PS NEW DEAL LTD,,1,1,adform.com
PSR Media Inc.,psrmedia.co.kr,1,1,themediagrid.com
PULSE MEDYA LIMITED SIRKETI,,1,1,adform.com
PWD S.r.l. Unipersonale,pwd.it,1,1,teads.tv
Paddlewaver,paddlewaver.com,1,1,video.unrulymedia.com
PagineSì,paginesispa.it,1,1,lijit.com
Papayads,papayads.net,1,1,amxrtb.com
Paperlit Srl,datalit.ai,1,1,rubiconproject.com
Passendo,passendo.com,1,1,adform.com
Pebble Magazine Reseller,pebblemag.com,1,1,themediagrid.com
Pelmorex Corp,pelmorex.com,1,1,seedtag.com
PeopleConnect,peopleconnect.us,1,1,conversantmedia.com
Perform Group JP,performgroup.co.uk,1,1,pubmatic.com
Perpetual Media LLC,perpetualmedia.tv,1,1,rubiconproject.com
Pet Media Group [OW],pets4homes.co.uk,1,1,adyoulike.com
Pharoscode.co,pharoscode.co,1,1,gumgum.com
Piano US,piano.io,1,1,adform.com
PinPointAds,pinpointads.net,1,1,adyoulike.com
Pivology ltd,vodiomedia.com,1,1,video.unrulymedia.com
PixelVerge LLC,pixelverge.co,1,1,improvedigital.com
Pixellicious,pixellicious.com,1,2,improvedigital.com
Pixelpluses,rtb-useast.pixelpluses.com,1,3,pubmatic.com
Place Media Group,placenorthwest.co.uk,1,1,adyoulike.com
Planet Nine Media BV,planetvds.com,1,1,improvedigital.com
Planet Sports,ruck.co.uk,1,1,triplelift.com
Planet Sports,fatdigital.com.au,1,1,triplelift.com
Planet Sports,officialcharts.com,1,1,triplelift.com
Platform One Inc,platform-one.co.jp,1,1,aps.amazon.com
PlayAd Media Group AB,,1,1,adform.com
PlayAd Media Group Sverige AB,playad.se,1,1,pubmatic.com
PlayWorks Digital LTD.,play.works,1,1,gumgum.com
Playbuzz Ltd,,1,1,freewheel.tv
Playmaker Capital Inc,playmaker.fans,1,1,seedtag.com
Plex (FW Markets) - Live,plex.tv,1,1,freewheel.tv
Plug Media LTD,plug.media,1,1,adform.com
Plugshare,plugshare.com,1,1,pubmatic.com
Pnutech,adpnut.co.kr,1,1,themediagrid.com
Pnutech,pnutech.co.kr,1,1,themediagrid.com
Podcastbude,podcastbu.de,1,2,improvedigital.com
Popcore GmbH-OB,popcore.com,1,1,onetag.com
Power Media Press IKE,ekklisiaonline.gr,1,1,lijit.com
"Powr, LLC",powr.io,1,2,pubmatic.com
PrebidServer,prebidserver.com,1,1,adyoulike.com
Predicto AI,predicto.ai,1,1,aps.amazon.com
PressComm Tech Srl,,1,1,adform.com
Prime Publishing LLC,primecp.com,1,1,aps.amazon.com
PrimeStudio,primestudio3m.github.io,1,1,ogury.com
Primis,1043wowcountry.com,1,1,lijit.com
Prisma Information Filtering B.V.,crowdynews.com,1,1,openx.com
Prisma Media,premiere.fr,1,1,triplelift.com
Prisma Media,routard.com,1,1,triplelift.com
Private Seller 1586,,1,1,adform.com
Private Seller 2192,,1,1,adform.com
Private Seller 2418,,1,1,adform.com
Private Seller 2489,,1,1,adform.com
Private Seller 2490,,1,1,adform.com
Private Seller 2544,,1,1,adform.com
Private Seller 2552,mediabrands.fi,1,1,adform.com
Private Seller 2572,,1,1,adform.com
Private Seller 2605,kinesso.com,1,1,adform.com
Private Seller 2606,ipgmediabrands.dk,1,1,adform.com
Private Seller 2608,,1,1,adform.com
Private Seller 2714,,1,1,adform.com
Private Seller 2866,,1,1,adform.com
Private Seller 2908,,1,1,adform.com
Private Seller 2915,,1,1,adform.com
Private Seller 3043,,1,1,adform.com
Private Seller 3185,,1,1,adform.com
Private Seller 3222,,1,1,adform.com
Private Seller 638,,1,1,adform.com
ProAd Sweden AB,,1,1,adform.com
ProProfs,proprofs.com,1,1,pubmatic.com
Prodege,prodege.com,1,1,pubmatic.com
Progmaticmotion,progmaticmotion.com,1,1,seedtag.com
Programmatic Mechanics,,1,1,undertone.com
Prohaska Consulting,prohaskaconsulting.com,1,1,pubmatic.com
Project M,projectm.net,1,1,amxrtb.com
Prometheus Global Media LLC,prometheusgm.com,1,1,connatix.com
Prompt Results,promptresults.com,1,1,amxrtb.com
Proto Thema,protothema.gr,1,1,triplelift.com
Protv,protv.com,1,1,amxrtb.com
Prysm,prysmradio.com,1,2,improvedigital.com
Psychiatrist.com,psychiatrist.com,1,1,lijit.com
Pub Plus,pubplus.com,1,1,amxrtb.com
PubGalaxy,landsend.com,1,1,triplelift.com
PubGalaxy,the-boneyard.com,1,1,triplelift.com
PubLift,latin.it,1,1,triplelift.com
PubLift,musicnotes.com,1,1,triplelift.com
PubLift,lightpollutionmap.info,1,1,triplelift.com
PubLift,chiens-de-france.com,1,1,triplelift.com
PubLift,perthisok.com,1,1,triplelift.com
PubLift,twtd.co.uk,1,1,triplelift.com
PubLift,newrecruit.eu,1,1,triplelift.com
PubLift,dealdoktor.de,1,1,triplelift.com
PubLift,monopolygo.wiki,1,1,triplelift.com
PubLift,acs.org,1,1,triplelift.com
PubLift,classmates.com,1,1,triplelift.com
PubLift,cricketweb.net,1,1,triplelift.com
PubLift,airhint.com,1,1,triplelift.com
PubLift,boatshed.com,1,1,triplelift.com
PubLift,g2a.com,1,1,triplelift.com
PubLift [Parent],cainer.com,1,1,triplelift.com
PubLift [Parent],skyvector.com,1,1,triplelift.com
PubRev,pubrev.io,1,1,seedtag.com
Pubcircle (Axis Corp. Ltd),pubcircle.ai,1,2,media.net
Pubfinity,pf-ssp.com,1,1,pubmatic.com
Publica,publica.com,1,1,video.unrulymedia.com
Publiemme srl,publiemmegroup.it,1,1,themediagrid.com
Publish Time,publishtime.net,1,1,amxrtb.com
Publisher Collective,publisher-collective.com,1,1,amxrtb.com
Publy Ads,publyads.com.br,1,1,teads.tv
Publy ltd,publy.net,1,1,lijit.com
Publy-Ireland,publy.com,1,1,sharethrough.com
Pubmatic Ssp,pubmatic-video.com,1,1,amxrtb.com
Pubnative,pubnative.com,1,1,amxrtb.com
Pubnet Publicidad y Marketing SL,publicidad.net,1,1,lijit.com
Pubpower,trustsu.com,1,1,themediagrid.com
Pubsfusion,ads-pubsfusion.com,1,1,onetag.com
Pubstack,,1,1,amxrtb.com
Pubtech,pubtech.ai,1,4,freewheel.tv
Pure Alpha Ventures - oRTB,purealphaventures.com,1,1,sharethrough.com
PurePlay Radio,gotradio.com,1,1,improvedigital.com
Purple Brain,purplebrain.co,1,1,conversantmedia.com
Purple Brain SA,adbuddiz.com,1,1,openx.com
PurpleAds [HB],purpleads.com,1,1,adyoulike.com
Puzzle Studio pte ltd,puzzle.sg,1,1,ogury.com
"Q1Media, Inc",q1media.com,1,1,lijit.com
QAudience,qaudience.com,1,1,teads.tv
QUOKA SRL,quoka.de,1,1,improvedigital.com
Quality Media Network GmbH,qualitymedianetwork.de,1,2,improvedigital.com
Quebecor,qub.radio,1,1,improvedigital.com
Questex,questex.com,1,1,teads.tv
"Quick, Inc.",corporate.quick.co.jp,1,1,media.net
RADIANCE MEDIA PTE. Ltd,radiancemedia.net,1,1,loopme.com
RCN Guatemala,rcnguatemala.com,1,1,improvedigital.com
RCN STUDIOS INC.,realcontentnetwork.com,1,1,lijit.com
RND RedaktionsNetzwerk Deutschland GmbH,rnd.de,1,1,themediagrid.com
ROUTENINE,ahnlab.com,1,1,themediagrid.com
RPA Media Place S.A.,rpamediaplace.com,1,1,rubiconproject.com
RS Internet Pazarlama A.S.,,1,1,adform.com
RTB Mix,rtb-mix.com,1,3,adyoulike.com
RTB One Ltd.,,1,1,adform.com
RTB One OOD,rtbone.com,1,1,themediagrid.com
RTL group,adnetwork-croatia.com,1,1,adform.com
Radiant Technologies,radianttechnologies.io,1,1,connatix.com
Radio Mitre SA,radiomitre.cienradios.com,1,1,improvedigital.com
Radio e Televisao Record SA,r7.com,1,1,aps.amazon.com
Radioline SAS,radioline.co,1,1,improvedigital.com
Radiopolis FM,radiopolis.fm,1,2,improvedigital.com
Raketech,raketech.com,1,1,amxrtb.com
Rakuten CTV - oRTB - non O&O,rakuten.com,1,1,sharethrough.com
Rappler PH,rappler.com,1,1,gumgum.com
Raptive Enterprise,mensjournal.com,1,1,triplelift.com
Rba,rba.es,1,1,amxrtb.com
Reach Media GmbH,musikguru.de,1,1,indexexchange.com
Readwhere Digital DMCC,readwhere.digital,1,1,aps.amazon.com
RealM Podcast Network,realm.fm,1,2,improvedigital.com
Realoem,realoem.com,1,1,amxrtb.com
Red E-Retail,e-retailadvertising.com,1,1,rubiconproject.com
Red Media Sales,redmediasales.com,1,1,conversantmedia.com
RedCircle,redcircle.com,1,4,improvedigital.com
RedSoul,redsoul.net,1,1,teads.tv
Refinery89.com,refinery.com,1,2,media.net
Reforge,reforge.in,1,1,pubmatic.com
Regie Alfa International LLC,regiealfa.com,1,1,seedtag.com
Reklam.ist,reklam.ist,1,1,lijit.com
Relentlo,relentlo.com,1,1,pubmatic.com
Reset Digital,resetdigital.co,1,2,pubmatic.com
Rev-Stream,rev-stream.com,1,1,undertone.com
Revbid,revbid.com,1,1,amxrtb.com
Revry,runtime.tv,1,1,triplelift.com
"Revry, Inc.",revry.tv,1,1,video.unrulymedia.com
"Rewarded Media, LLC",rewardedmedia.com,1,1,connatix.com
Rhombus Ads,rhombusads.com,1,1,lijit.com
RhythmOne LLC,rhythmone.com,1,1,pubmatic.com
"Ribeye Media, INC.",ribeye.media,1,1,freewheel.tv
Rierra Ads,rierra-ads.com,1,1,adyoulike.com
Rightmove - OB,rightmove.co.uk,1,1,sharethrough.com
Ringier AG (Ringier Advertising),ringier.com,1,2,adform.com
Ringier Axel Springer,ringieraxelspringer.pl,1,1,lijit.com
Rival Media Group LLC,nativecommerce.com,1,1,lijit.com
Roar Performance Marketing Ltd,roar-co.com,1,1,rubiconproject.com
Rock Internet S.L.,,1,1,adform.com
RockYou Inc./ CafeMedia,cafemom.com,1,1,lijit.com
Rodrigo B. da Silva,diariodeuberlandia.com.br,1,1,seedtag.com
Rogers Media,rogersmedia.com,1,4,indexexchange.com
Rombhus,rombhus.com,1,1,teads.tv
Rotana Media Service FZ LLC,rotanarms.net,1,1,pubmatic.com
Roularta Media Nederland,newskoolmedia.nl,1,1,teads.tv
Royal Ad Sp. z o.o.,,1,1,adform.com
Rubber City Radio Group,rcrg.net,1,1,improvedigital.com
Rumble,ads.rumble.com,1,1,nativo.com
Runcomm KR,runcomm.co.kr,1,1,themediagrid.com
"RxSense, LLC",rxsense.com,1,1,lijit.com
Ryan Jurgensen,ryanjurgensen.com,1,1,amxrtb.com
S3,s3.media,1,1,connatix.com
S3 Xlisting,,1,1,amxrtb.com
SAN-EI CORPORATION,san-ei-corp.co.jp,1,1,aps.amazon.com
SAS FAROS,,1,1,adform.com
SAS HITOPIC,realtimedata.fr,1,1,openx.com
SEVEN PRESSE SAS,adramatichiphop.com,1,1,seedtag.com
SIA adQuota Latvia,,1,1,adform.com
SING TAO NEWSPAPERS,singtao.ca,1,1,seedtag.com
SK Planet,skplanet.com,1,1,inmobi.com
SK planet,skplanet.co.kr,1,1,themediagrid.com
SMARTSTREAM.TV GmbH,smartstream.tv,1,1,pubmatic.com
SMN Corporation,so-netmedia.jp,1,1,themediagrid.com
SNK Digital,wabisabicontent.com,1,1,improvedigital.com
SNOW Corporation,snow.me,1,2,pubmatic.com
SO PRESS,sopress.net,1,1,seedtag.com
SPIRIT MEDIA s.r.o.,,1,1,adform.com
SPORTVERTICAL Marketing GmbH,sportvertical.de,1,1,teads.tv
SPiN AG,spin.de,1,1,rubiconproject.com
SST Groupe Media,econostrum.info,1,1,seedtag.com
STANDS4 LTD,stands4.com,1,1,conversantmedia.com
STAX kr,stax.kr,1,1,themediagrid.com
STORMSTRIKE INC.,stormstrike.gg,1,1,inmobi.com
SUPER MOBIL MEDYA VE REKLAM HIZ.A.S.,,1,1,adform.com
SYBO Game,sybogame.com,1,2,improvedigital.com
"Sabio, Inc.",sabioctv.com,1,6,freewheel.tv
Safari Media,safari-media.me,1,2,adyoulike.com
Salem Media,salemmedia.com,1,1,improvedigital.com
"Salem Web Network, LLC",salemnewschannel.com,1,1,pubmatic.com
"Sallyport Commercial Finance, LLC",themaven.net,1,1,lijit.com
"Samsung Electronics America, Inc",samsung.com,1,1,freewheel.tv
Saooti,saooti.com,1,1,improvedigital.com
Sarigato sp. z o.o.,,1,1,adform.com
Savage Ventures LLC,savage.ventures,1,1,lijit.com
Sbly,,1,1,amxrtb.com
Scalarator,scalarator.net,1,1,triplelift.com
Screen R,screenr.fr,1,1,improvedigital.com
ScreenIL,screen.il.com,1,1,video.unrulymedia.com
Screencore,screencore.com,1,1,risecodes.com
Screenwave Media,screenwavemedia.com,1,1,lijit.com
Scribd Inc,scribd.com,1,1,seedtag.com
Scripps - Non O&O - Publica,scripps.com,1,2,sharethrough.com
Scroll Media Limited,scrollmedia.com,1,1,themediagrid.com
Scroll Media NZ,scrollmedia.co.nz,1,1,gumgum.com
SeaOvers Pte. Ltd,seaovers.com,1,1,teads.tv
"Securenet Systems, Inc.",securenetsystems.net,1,1,lijit.com
Sercanto SRL,sercanto.com,1,1,ogury.com
Seven West Media,7plus.com.au,1,1,triplelift.com
Sfera Group,sfera.es,1,1,teads.tv
"Shareaholic, Inc.",shareaholic.com,1,1,lijit.com
"Shenzhen Smarter Mobi Technology Co.,Ltd",mobismarter.com,1,1,improvedigital.com
Sheology - Black Mountain Media Teoranta,sheologydigital.com,1,1,rubiconproject.com
Shogakukan Inc.,shogakukan.co.jp,1,1,media.net
ShopSavvy,shopsavvy.com,1,1,video.unrulymedia.com
Shopfully Spa,shopfully.com,1,1,seedtag.com
ShowHeroes SE,platform.showheroes.com,1,1,conversantmedia.com
Siddhi digital media pvt ltd,moola.network,1,1,rubiconproject.com
Sigma BIS S.A.,sigma-media.com.pl,1,1,adform.com
Sileo LLC dba Column6,column6.com,1,1,conversantmedia.com
Sileo LLC dba Column6 LLC aka Siprocal,siprocal.com,1,1,video.unrulymedia.com
Silver Bullet Data Services,videobeet.tv,1,1,adform.com
"SilverMT Media, Inc.",silvermtmedia.com,1,2,openx.com
Simplify Media LLC,simplifymediagroup.com,1,1,seedtag.com
Simply Black Media,simplyblackmedia.com,1,1,adform.com
Simran Testing - Programmatic,simrantesting.com,1,1,media.net
SingularOne [HB],singular-one.com,1,1,adyoulike.com
Sinovum Media AB,synonymer.se,1,1,improvedigital.com
Sistema Roriz de Comunicacao LTDA,concursosnobrasil.com,1,1,media.net
Skala Medya,skalamedya.com.tr,1,1,pubmatic.com
Sky Ltd,feed.4strokemedia.com,1,1,aps.amazon.com
Sky Media,skysports.com,1,1,gumgum.com
Sky Media,skymedia.co.uk,1,1,video.unrulymedia.com
Slashdot,slashdotmedia.com,1,1,amxrtb.com
SmartNews Inc. - Nimbus,smartnews.com,1,1,sharethrough.com
Smartframe [HB],smartframe.io,1,1,adyoulike.com
Smartifai,smartifai.ai,1,1,adform.com
Smartify Media FZ LLE,smartify-media.com,1,1,rubiconproject.com
SmartlineTV,smartlinetv.com,1,1,lijit.com
Smartyads Inc,ssp.smartyads.com,1,1,conversantmedia.com
Snigelweb,snigel.com,1,1,kargo.com
Social Chain,socialchain.com,1,1,amxrtb.com
Social Networking Technology Inc,sntmedia.com,1,3,lijit.com
Sociedad Televisora Larranaga SA,teledoce.com,1,1,lijit.com
Sofikul,sofikul.com,1,1,amxrtb.com
Solutions A/S,itavisen.no,1,2,indexexchange.com
Sonic Odeeo Ltd,supply-chain.odeeo.io,1,1,onetag.com
Sonos,sonos.com,1,1,improvedigital.com
Sootix TV LLC,sootix.tv,1,1,lijit.com
Sortridge Ltd T/A Electric Media,electricmedia.ie,1,1,lijit.com
Soundcast SAS,soundcast.fm,1,1,rubiconproject.com
"Sovrn Holdings, Inc.",federatedmedia.net,1,1,openx.com
Sovrn UK Limited,sovrnservices.com,1,1,rubiconproject.com
Space Cow Media,spacecowmedia.com,1,2,pubmatic.com
Spearad GmbH,spearad.com,1,1,conversantmedia.com
Spil Games B.V.,spilgames.com,1,1,pubmatic.com
Split B Media,splitmediastl.com,1,1,amxrtb.com
Sponget [BKO],sponget.com,1,1,adyoulike.com
Spormeon Ltd.,spormeon.com,1,1,openx.com
Sport Publish OÜ,bold.dk,1,1,themediagrid.com
Sport Social Podcast Network,sport-social.co.uk,1,2,improvedigital.com
Sportivo X The Media Project,sportivo.fi,1,1,adform.com
Sports Drop,thesportsdrop.com,1,1,amxrtb.com
Sports Engine,sportsengine.com,1,1,amxrtb.com
Sportsmole,sportsmole.co.uk,1,1,amxrtb.com
Spreaker,spreaker.com,1,4,improvedigital.com
SquareOffs LLC,squareoffs.com,1,1,lijit.com
StackUp LLC.,stackup-ai.com,1,1,conversantmedia.com
"Stacy, Business Name 456",stacycompany2.json,1,1,conversantmedia.com
Stagwell Group,stagwellgroup.com,1,1,freewheel.tv
Stakt Media,stakt.com,1,1,lijit.com
Stardom Labs,stardomlabs.com,1,1,lijit.com
StartApp Inc.,startapp.com,1,1,openx.com
"Stellor Media, LLC",stellormedia.com,1,1,onetag.com
Stratego,com.youdagames.strategomp.premium.android,1,2,improvedigital.com
StreamGuys,streamguys.com,1,1,improvedigital.com
"StreamVision Media, LLC",streamvision.com,1,1,lijit.com
StringAds.,stringads.com,1,1,lijit.com
Stroeer Media Brands,stroeermediabrands.de,1,1,lijit.com
Strossle,strossle.com,1,1,improvedigital.com
Studio Sol BR,studiosol.com.br,1,1,lijit.com
StuffWeLike Media,stuffwelike.com,1,1,video.unrulymedia.com
Stylewish AB,stylewish.se,1,1,improvedigital.com
Suite 66,suite66.com,1,1,lijit.com
Sureview,sureview.tv,1,1,aps.amazon.com
Surfer Marketplace LLC,surfernetwork.com,1,2,improvedigital.com
Surfline Wavetrak Inc.,surfline.com,1,1,sharethrough.com
Swiftcom,swift.com,1,1,amxrtb.com
Synacor,synacor.com,1,1,triplelift.com
Synamedia,synamedia.com,1,1,indexexchange.com
Synced Apps Technologies Ltd.,inthegame.io,1,1,video.unrulymedia.com
Synergetic Distribution - oRTB,synergetic.film,1,1,sharethrough.com
TAG24 NEWS Deutschland GmbH,tag24.de,1,1,improvedigital.com
TAGADAMEDIA,tagadamedia.com,1,1,seedtag.com
TAM,ads.com,1,1,sharethrough.com
TAM Medialab LTD,medialabtech.ai,1,1,adyoulike.com
TCL Ads,ads.tcl.com,1,1,nativo.com
TDS.BID FZ-LLC,tds.bid,1,1,aps.amazon.com
TED Conferences LLC,ted.com,1,1,video.unrulymedia.com
TEGNA Production,tegna.com,1,1,freewheel.tv
TJTUNE - KR,tjtune.com,1,1,themediagrid.com
TMS Edizioni S.r.l.,tmsedizioni.it,1,1,themediagrid.com
"TN Marketing, LLC",tnmarketing.com,1,1,openx.com
TNK Factory Corp.,tnkfactory.com,1,1,pubmatic.com
TOMORROW FOCUS Media GmbH,tomorrow-focus.de,1,1,rubiconproject.com
TPMN,tpmn.co.kr,1,1,themediagrid.com
"TPMN CO., LTD.",tpmn.io,1,2,pubmatic.com
"TRIVIUM QUADRIVIUMQUE DIGITAL, SL",tqcorp.media,1,1,onetag.com
TURF EDITIONS - FR,geny.com,1,1,themediagrid.com
TV Cast Pte. LTd.,tvcastapp.net,1,1,inmobi.com
TV2 - DK,tv2.dk,1,1,themediagrid.com
TV24 Group AB,tv24.se,1,1,rubiconproject.com
TV4 Media AB,tv4.se,1,1,freewheel.tv
TX Group AG,20min.ch,1,1,improvedigital.com
Taboola,,1,1,adyoulike.com
Take1 - oRTB,take1.tv,1,2,sharethrough.com
Tapjoy,tapjoy.com,1,1,pubmatic.com
Tapslead-HK-Export,tapslead.net,1,1,inmobi.com
Teads,teads.com,1,1,improvedigital.com
Teal,tealplus.com,1,1,inmobi.com
Teamblind Inc.,teamblind.com,1,1,inmobi.com
Technological Union,technologicalunion.com,1,1,lijit.com
Telauges OÜ,telauges.com,1,1,improvedigital.com
Telus - Fubo - Springserve - CTV,telus.com,1,1,sharethrough.com
Tempest Tech Limited,tempest.com,1,1,aps.amazon.com
Test,,1,1,video.unrulymedia.com
Textmine Inc,ispop.kr,1,1,themediagrid.com
"The Affinity Media Exchange, Inc. d/b/a TAME",tamenetwork.com,1,1,rubiconproject.com
The Beachbox SAS,everwell.tv,1,2,lijit.com
"The Bishop Way, Inc.",thebishopway.com,1,1,conversantmedia.com
The Channel Company,thechannelco.com,1,1,onetag.com
The Cool Company,cool.co,1,1,nativo.com
The Digital Critic Inc.,thedigitalcritic.com,1,1,aps.amazon.com
The Drive Media Inc.,thedrive.com,1,1,conversantmedia.com
The Equalizer - Fabrik,equalizersoccer.com,1,1,kargo.com
The Hearst Corporation,,1,2,improvedigital.com
The Hindu Group of Publishing,thehindu.com,1,1,inmobi.com
The Independent Collective LLC,maxmymoney.org,1,1,connatix.com
The Local,thelocal.com,1,1,amxrtb.com
The Media Street,themediastreet.com,1,1,connatix.com
The Mediam Group,themediamgroup.com,1,1,triplelift.com
The Next Web,thenextweb.com,1,1,sharethrough.com
The Nishinippon Shimbun,nishinippon.co.jp,1,1,aps.amazon.com
The QT Company,qt.io,1,1,pubmatic.com
The Race Media Ltd,theracemedialtd.com,1,1,lijit.com
The Trainline,thetrainline.com,1,1,themediagrid.com
The ViewPoint,cdn.tvp.tv,1,1,conversantmedia.com
The Young Turks,tyt.com,1,1,yieldmo.com
The cool down - Prebid,thecooldown.com,1,1,sharethrough.com
TheAds,theads.io,1,1,aps.amazon.com
TheViewPoint,tvp.tv,1,1,pubmatic.com
Thinkdigital Internet & Advertising SA,,1,1,adform.com
Thirdpresence Oy,,1,1,adform.com
This Old House Ventures,thisoldhouse.com,1,1,conversantmedia.com
Threadneedle Press LLC,organizedhome.com,1,1,conversantmedia.com
ThreeSpringMedia Ltd,threespringmedia.com,1,1,improvedigital.com
Thunder Road Inc,victorythunderroad.com,1,1,lijit.com
Tilting Point Media,,1,1,aps.amazon.com
TimG Aps,,1,1,adform.com
Timera Media,timeramedia.com,1,1,conversantmedia.com
Times Media Group,timeslocalmedia.com,1,1,lijit.com
Tindle Newspapers [HB],tindlenewsgroup.com,1,1,adyoulike.com
Tip Hero,tiphero.com,1,1,amxrtb.com
Titan Mediaworks,titanmedia.works,1,1,video.unrulymedia.com
Today Media B.V.,filmvandaag.nl,1,1,improvedigital.com
Tone Media LLC,corp.bandsintown.com,1,3,openx.com
Toronto Star,thestar.com,1,1,amxrtb.com
Total Media,totalmediasolutions.com,1,1,triplelift.com
Totally Media,totallymedia.com.au,1,1,improvedigital.com
Townnews,townnews365.com,1,1,gumgum.com
Trade House Media,tradehousemedia.com,1,1,amxrtb.com
Trade House Media,thetradehouse.co.uk,1,2,sharethrough.com
TradeTower LLC,vandelay-media.co,1,1,connatix.com
TransferWise FBO CAN Digital Solutions Limited,adcouncil.org,1,1,lijit.com
Transfermarkt,transfermarkt.de,1,1,amxrtb.com
Transmit,transmit.live,1,2,freewheel.tv
Transmit.Live,,1,1,undertone.com
Treenod.inc,treenod.com,1,1,aps.amazon.com
Trempads LLC,adsinflow.com,1,4,freewheel.tv
Trendscatchers,,1,1,amxrtb.com
Tribe Patrol,tribepatrol.com,1,1,amxrtb.com
"Triple Lift, Inc.",triplelift.com,1,1,loopme.com
Tripledot Studios,tripledotstudios.com,1,1,pubmatic.com
Triplelift Inc,3lift.com,1,1,themediagrid.com
"TrustX Digital Advertising  Services, LLC",trustx.org,1,1,conversantmedia.com
Trustridge Inc.,trustridge.jp,1,1,pubmatic.com
TuneIn Inc.,tunein.com,1,1,rubiconproject.com
Turk Medya,turkmedya.com.tr,1,1,seedtag.com
"Turner Broadcasting Sales, Inc.",warnermedia.com,1,1,lijit.com
Tweensoft,tweensoft.com,1,2,improvedigital.com
Two Circles Limited,twocircles.com,1,1,lijit.com
Tzoome Ltd.,tzoome.com,1,1,lijit.com
UAB MEDIA BITES,mediabites.lt,1,1,adform.com
UAB Mo.media,,1,1,adform.com
UAstation Limited,uastation.com,1,1,inmobi.com
UCFunnel Global,adanvis.com,1,1,themediagrid.com
UE Media,audiopulsar.com,1,1,video.unrulymedia.com
UMICALL.INC,umicall.com,1,1,inmobi.com
UNIVERSO ON LINE LTDA DIVISAO UOL,uol.com.br,1,1,seedtag.com
USA Digital Network LLC,usadigitalnetwork.com,1,1,video.unrulymedia.com
USA Today Sports Media Group (Gannett),usatodaysports.com,1,1,pubmatic.com
USE YOUR BRAIN DI D.M.D.,useyourbrain.it,1,1,teads.tv
UTA [TAM],uta-net.com,1,1,adyoulike.com
UndrAds,undrads.com,1,1,lijit.com
Uni Médias,parents.fr,1,1,adyoulike.com
"United Blades Co.,Ltd.",unitedblades.co.jp,1,1,themediagrid.com
United Internet Media GmbH,united-internet-media.de,1,1,improvedigital.com
"United Marketing Technologies, Inc.",ja.ad-stir.com,1,1,inmobi.com
Univision,univision.com,1,1,improvedigital.com
Univision,corporate.univision.com,1,1,triplelift.com
Unruly Group Ltd,unruly.co,1,1,improvedigital.com
Uptodown Technologies SL,uptodown.com,1,1,themediagrid.com
Ureka Media,urekamedia.eu,1,1,amxrtb.com
Userwave,userwave.com,1,1,gumgum.com
VEOVEE Sp. z o.o.,,1,1,adform.com
VIESTI-DM7 PLANEJAMENTO E TREINAMENTO LTDA,adzep.com,1,1,seedtag.com
VTEX Commerce Cloud Solutions LLC,vtex.com,1,1,rubiconproject.com
Val Morgan Cinema Network,valmorgan.com.au,1,1,improvedigital.com
Valnet Inc.,valnetinc.com,1,1,pubmatic.com
Vashoot,vashootads.com,1,1,amxrtb.com
Vebuin,vebuin.com,1,1,teads.tv
Vecernji List,vecernji.hr,1,1,triplelift.com
Velocity,velocity.io,1,1,video.unrulymedia.com
Venatus Media Ltd,hb.vntsm.com,1,1,pubmatic.com
Ventes Avenues Pvt Ltd,ventesavenues.net,1,1,pubmatic.com
Venture Kite,venturekite.com,1,1,lijit.com
Veraxen  TAM & Pre-Bid Server,veraxen.com,1,2,sharethrough.com
Verizon Media SSP,aol.com,1,5,pubmatic.com
Verocity Inc,verocity.jp,1,1,rubiconproject.com
Vertexmedia,vertexmedia.ai,1,1,adyoulike.com
Vertoz Inc,vertoz.com,1,1,onetag.com
VestaStream,vestastream.com,1,5,freewheel.tv
Vevo LLC,vevo.com,1,1,video.unrulymedia.com
Vexigo Inc,vexigo.com,1,1,pubmatic.com
ViSTARS,vistarsagency.com,1,1,adyoulike.com
Viaplay Group AB,viaplay.com,1,3,freewheel.tv
Viaplay Group UK Ltd,,1,1,adform.com
Vibrant Media GmbH,vibrantmedia.com,1,1,themediagrid.com
Vice Benelux B.V.,vice.com,1,1,pubmatic.com
VidStartLtd,vidstart.com,1,4,freewheel.tv
Vidazoo_,positivemobile.co.il,1,2,adyoulike.com
Video House sp.z o.o.,,1,1,adform.com
Video Solutions AG - CTV Reseller,video-solutions.ag,1,1,themediagrid.com
Videolift,videolift.io,1,1,adform.com
Videonest,videonest.co,1,1,pubmatic.com
Videonow LLC,,1,1,adform.com
VideooTV,videoo.tv,1,1,lijit.com
Vidgyor Media Technologies Pvt. Ltd.,vidgyor.com,1,3,pubmatic.com
Vidverto,vidverto.com,1,1,adform.com
ViewAll Investments Limited,mobcomedia.com,1,2,pubmatic.com
ViewPaySAS,viewpay.tv,1,3,freewheel.tv
Viewallinvestmentsltd,viewallmedia.net,1,4,freewheel.tv
VimayX,vimay.group,1,1,media.net
Viqeo Inc.,viqeo.tv,1,1,rubiconproject.com
Viralised,viralised.com,1,1,teads.tv
Vistazo Ecuador,adops.pe,1,1,teads.tv
Vitor Media,vitor.media.com,1,1,triplelift.com
Vitor Media - Publica - CTV - oRTB (non O&O),vitoraudio.com,1,2,sharethrough.com
Vocento,vocento.com,1,1,triplelift.com
Volcera Ltd,volcera.io,1,1,video.unrulymedia.com
Voodoo - TAM,voodoo.io,1,1,adyoulike.com
Voranda Inc.,voranda.com,1,1,themediagrid.com
Vox,vox.com,1,1,triplelift.com
"Voxnest, Inc.",voxnest.com,1,1,rubiconproject.com
Vungle,liftoff.ai,1,1,adyoulike.com
WEB SPOTTER,blog-rct.com,1,1,seedtag.com
WEBEDIA INTERNET BRASIL S.A.,br.webedia-group.com,1,1,aps.amazon.com
WISENUT,wisenut.co.kr,1,1,themediagrid.com
WMG,wmg.com,1,1,teads.tv
WNSDY Media AB,wednesdaymedia.se,1,1,pubmatic.com
Wafour Corporation,wafour.net,1,1,pubmatic.com
Wanted in Rome,theadshop.co,1,2,onetag.com
Washington Post,washingtonpost.com,1,1,triplelift.com
Waterloo Media,waterloomedia.com,1,1,improvedigital.com
Way To Grow,esky.com,1,1,amxrtb.com
Wazimo Media Ltd.,wazimo.com,1,1,lijit.com
We Buy Media,webuy.media,1,1,amxrtb.com
We are 365 LLC,adgoat.io,1,1,seedtag.com
WeForAds,weforads.com,1,1,onetag.com
WeGo - AE,wego.com,1,1,themediagrid.com
Weather.com,weather.com,1,1,adyoulike.com
Weatherzone,apps.weatherzone.com.au,1,1,inmobi.com
Web Financial Group SA,webfinancialgroup.com,1,1,rubiconproject.com
WebAds Interactive Advertising BV,,1,1,adform.com
WebAds Srl,,1,1,adform.com
Webads,webads.com,1,1,amxrtb.com
Webedia GmbH,webedia-group.de,1,1,improvedigital.com
Wednesday Media LLC,wednesday.media,1,1,connatix.com
Wedotv,wedotv.com,1,1,adform.com
Welect GmbH,welect.de,1,1,adform.com
Whiteoaks Communications Group,joyradio.ca,1,1,improvedigital.com
Whizti,whizti.com,1,1,nativo.com
WhoWhatWear,whowhatwear.com,1,1,pubmatic.com
"Wibbitz, Inc.",wibbitz.com,1,1,connatix.com
Widgets.ai,widgets.ai,1,1,video.unrulymedia.com
Wild Tangent,wildtangent.com,1,1,amxrtb.com
Winkleads,winkleads.com,1,1,freewheel.tv
Wise Element,wiseelements.com,1,2,triplelift.com
Wortise,wortise.com,1,1,aps.amazon.com
WowYow,wowyow.com,1,1,pubmatic.com
"X-Listing Co., Ltd",xlisting.co.jp,1,1,rubiconproject.com
X3M,x3mads.com,1,2,pubmatic.com
XGB B.V,refinery29.com,1,1,video.unrulymedia.com
XTRM QB LTD,xtrmqb.com,1,1,contextweb.com
XenonAds LTD,xenonads.io,1,1,seedtag.com
Xite,xite.com,1,1,teads.tv
XoolMedia&TechOU,xoolmedia.co,1,4,freewheel.tv
Xymatic GmbH,xymatic.de,1,1,triplelift.com
YEA Lab,youreduaction.it,1,1,teads.tv
YMT,zeststack.com,1,1,pubmatic.com
YOURBACKUPEMPLOYEE INC.,yourbackupemployee.com,1,1,conversantmedia.com
YTN,ytn.co.kr,1,1,themediagrid.com
Yaari Digital PTE LTD,yaaridigital.com,1,1,freewheel.tv
"Yahoo, Inc.",yahoo.com,1,4,pubmatic.com
Yandex,yandex.com,1,1,improvedigital.com
YazleMediapteltd,yazle.com,1,4,freewheel.tv
Yellow Digital & Media Solutions Limited,yellowpages.ca,1,1,sharethrough.com
YieldLove,golem.de,1,1,triplelift.com
YieldLove,torarlarm.com,1,1,triplelift.com
YieldLove,ruhr24.de,1,1,triplelift.com
YieldLove,onvista.de,1,1,triplelift.com
YieldLove,babelio.com,1,1,triplelift.com
YieldOne(P1),yieldone.com,1,1,gumgum.com
"YieldPass, LLC",yieldpass.com,1,1,rubiconproject.com
YieldRiser Sp. z o.o.,yieldriser.com,1,1,rubiconproject.com
Yieldlove GmbH,yieldlove.de,1,2,openx.com
Yieldpeak OU,yieldpeak.com,1,1,ogury.com
"Yodo1, Ltd",yodo1.com,1,1,pubmatic.com
Your Ad Sales International B.V.,yourchannels.tv,1,1,improvedigital.com
YourBow,policetribune.com,1,1,lijit.com
Yummyyum [HB],yummyyum.net,1,1,adyoulike.com
Z.,firearc.com,1,1,adyoulike.com
ZAM Network LLC,fanbyte.com,1,1,pubmatic.com
ZIMZEL LLC,zimzel.net,1,1,adyoulike.com
ZUM - KR,zum.com,1,3,themediagrid.com
ZYX PUBLISHING GROUP S.R.L.,lovedeco.ro,1,1,seedtag.com
ZYX Publishing Group,zyxgroup.ro,1,1,lijit.com
Zaacom Media,zaacom.media,1,1,teads.tv
Zeasn Europe B.V.,zeasn.com,1,1,pubmatic.com
Zeebra Media LLC,zeebramedia.com,1,1,improvedigital.com
Zeeker (OW tag),zeeker.com,1,1,pubmatic.com
"Zelto, Inc.",zelto.com,1,1,ogury.com
ZenoMedia_Triton,zeno.fm,1,1,improvedigital.com
Zensa Media B.V.,zensa.media,1,1,adform.com
Zephyr Mobile,zephyrmobile.com,1,1,rubiconproject.com
ZergNet,static.com,1,1,lijit.com
Zodiak Active Plus S.r.l.,zodiakmedia.com,1,1,pubmatic.com
ZoomIn Smart Content,,1,2,improvedigital.com
Zoosk inc,zoosk.com,1,1,lijit.com
[dnu]Ran Ventures Ltd.,ranventures.com,1,2,connatix.com
abc,whowizzle.com,1,1,sharethrough.com
ad.plus,ad.plus.com,1,1,pubmatic.com
adBite OU,,1,1,adform.com
adjoe,adjoe.io,1,2,smaato.com
admix ORTB Video,admix.in,1,1,pubmatic.com
adxperience,adxperience.com,1,1,improvedigital.com
aireal GmbH,airealgroup.com,1,1,rubiconproject.com
anchit,anchit.com,1,1,media.net
anypointmedia,anypoint.media,1,2,pubmatic.com
arabtradedesk,arabtradedesk.com,1,1,seedtag.com
atomtickets.com,,1,1,lijit.com
awfulfanart.com,awfulfanart.com,1,1,lijit.com
big happy,bighappy.com,1,1,pubmatic.com
buzzworthy.com,buzzworthy.com,1,1,lijit.com
chatblink.com,chatblink.com,1,1,video.unrulymedia.com
chicory.co,chicoryapp.com,1,1,pubmatic.com
cinemad.tv,cinemad.tv,1,1,pubmatic.com
cloudren.net,usaheaven.com,1,1,seedtag.com
cnx_brian,briantestdemo.com,1,1,connatix.com
coachingtoolbox,coachingtoolbox.net,1,1,lijit.com
countryrebel.com,countryrebel.com,1,1,gumgum.com
diDNA Inc,8to18.com,1,1,lijit.com
digitalventurescorp.com,digitalventurescorp.com,1,1,lijit.com
dingofox media,dingofoxmedia.com,1,1,sharethrough.com
dive-e NEXT GmbH,diva-e.com,1,1,aps.amazon.com
dlulisa holding BV dba. upyield,upyield.io,1,1,improvedigital.com
eLABZ SRL,elabz.co,1,1,themediagrid.com
eMense,emense.nl,1,1,aps.amazon.com
etoday,ettoday.net,1,1,themediagrid.com
exposuredynamics.com,exposuredynamics.com,1,1,lijit.com
fireworkTV,fireworktv.com,1,2,pubmatic.com
frontaly,frontaly.com,1,1,seedtag.com
goodlymedia inc,goodlymedia.com,1,1,seedtag.com
groundtruth,groundtruth.com,1,1,pubmatic.com
gulship.com,gulship.com,1,1,lijit.com
gutefrage.net GmbH,gutefrage.net,1,1,lijit.com
heroichollywood.com,heroichollywood.com,1,1,lijit.com
hns communication,hnscom.com,1,1,themediagrid.com
i-Jam Media Limited,ijam-media.co.uk,1,1,lijit.com
"iAge Technologies, Inc.",iagetec.com,1,1,lijit.com
iBRIDGE Corporation,ibridge.co.jp,1,1,rubiconproject.com
iKarma srl,ikarma.it,1,1,lijit.com
iKreate,ikreate.com,1,1,adyoulike.com
iMNETMEDYA REKLAM SATI PAZ. VE DAN. HIZ. LTD. STI,,1,1,adform.com
iProspect Vietnam,publishernetwork.io,1,2,pubmatic.com
iVideoSmart Pte. Ltd,showheroes-group.com,1,1,video.unrulymedia.com
iads Media,iadsmedia.com,1,1,seedtag.com
inLocalMedia LLC,inforney.com,1,1,teads.tv
insight.tv,insight.tv,1,1,pubmatic.com
joju.ai,admin.joju.ai,1,1,pubmatic.com
kane.demo,dummy.com,1,1,connatix.com
kotsu-times sha,kotsu-times.jp,1,1,media.net
lacrosseallstars.com,lacrosseallstars.com,1,1,lijit.com
lionstudios,lionstudios.cc,1,1,pubmatic.com
lokretiv Pte Ltd.,aidentity.ai,1,1,rubiconproject.com
loopme,loopme.ai,1,4,smaato.com
masaya nakamoto,kyodo-d.jp,1,1,improvedigital.com
mobile.de GmbH,mobile.de,1,1,themediagrid.com
mobsuccess,mobsuccess.com,1,1,improvedigital.com
n/a,,1,1,video.unrulymedia.com
nativeads.com,,1,1,lijit.com
netpoint media gmbh,,1,1,adform.com
netzwelt GmbH,netzwelt.de,1,1,improvedigital.com
"oPub Media, LLC",opubmedia.com,1,1,lijit.com
papasgamesus,papasgames.us,1,2,improvedigital.com
podcaster.de,podcaster.de,1,2,improvedigital.com
popularmilitary.com,popularmilitary.com,1,1,media.net
pubgears.com,pubgears.com,1,1,lijit.com
rainbow8,rainbow.com,1,1,themediagrid.com
rg_EU_GB,rg.abc.com,1,1,aps.amazon.com
simplymedia,simplymedia.co,1,1,lijit.com
skytv.it,skytv.it,1,1,lijit.com
socialboost.com,socialboost.com,1,1,lijit.com
sportX,sportx.com,1,1,pubmatic.com
sportspublishersgroup,hornsports.com,1,1,lijit.com
spotible,spotible.com,1,2,pubmatic.com
stacy lucchese company #3,stacylucchesesite1.com,1,1,conversantmedia.com
station.E media innovation GmbH,station-e.media,1,1,adform.com
survivo.io,survivo.io,1,1,lijit.com
test-seller-518663,test.bseat.com,1,2,freewheel.tv
thebloggernetwork.com,thebloggernetwork.com,1,1,lijit.com
thirdfloor.it,thirdfloor.it,1,1,lijit.com
"trueX, Inc dba Infillion",infillion.com,1,1,video.unrulymedia.com
tumblr,tumblr.com,1,1,pubmatic.com
twiago GmbH,twiago.com,1,1,themediagrid.com
umandots,umandots.com,1,2,pubmatic.com
utopiaweb,utopiaweb.fr,1,1,ogury.com
vedia,vedia.ai,1,1,pubmatic.com
videobridge.tv,videobridge.tv,1,1,gumgum.com
videofy.ai,videofy.ai,1,1,video.unrulymedia.com
walletcircle.co,walletcircle.co,1,1,lijit.com
wekora,wekora.com,1,1,seedtag.com
what3words Limited,what3words.com,1,1,inmobi.com
xAd Inc. DBA Groundtruth,xad.com,1,1,rubiconproject.com
xiaomi_global,global.e.mi.com,1,1,pubmatic.com
zatz.us,zatz.us,1,1,lijit.com
zonix,zonixads.com,1,1,smaato.com
zuma studio,hungrezy.online,1,2,improvedigital.com
와이즈버즈,nestads.com,1,1,themediagrid.com
